1,Christy,Duckels,cduckels0@vinaora.com,714-301-6606,13/09/2021,10:30,29
29,Sonya,Giannazzi,sgiannazzis@nsw.gov.au,864-286-6272,13/09/2021,10:30,29
19,Veriee,Breeder,vbreederi@tumblr.com,376-153-8065,13/09/2021,10:30,29
13,Eolande,Memmory,ememmoryc@fc2.com,890-965-9417,13/09/2021,11:30,7
6,Courtenay,Tick,ctick5@goo.ne.jp,216-177-2994,13/09/2021,11:30,7
23,Issi,Gayter,igayterm@google.com.br,724-448-4743,13/09/2021,13:00,18
17,Tobe,Dummigan,tdummigang@google.co.uk,581-909-5417,13/09/2021,13:00,18
30,Katy,Matt,kmattt@wufoo.com,661-603-5194,13/09/2021,14:00,16
5,Guglielma,Bog,gbog4@weebly.com,264-379-8488,13/09/2021,14:00,16
21,Crichton,Hessenthaler,chessenthalerk@blog.com,846-912-4639,13/09/2021,14:00,16
20,Eadith,Caban,ecabanj@odnoklassniki.ru,860-798-7577,13/09/2021,15:00,21
12,Che,Gomm,cgommb@cdc.gov,963-647-2277,13/09/2021,16:00,26
8,Randal,Causley,rcausley7@rakuten.co.jp,551-651-1900,13/09/2021,17:30,9
