1,Christy,Duckels,cduckels0@vinaora.com,714-301-6606,13/09/2021,10:30,29
2,Bettina,Barthel,bbarthel1@bloomberg.com,755-386-1691,13/09/2021,10:00,24
3,Eadith,Sansbury,esansbury2@yahoo.co.jp,408-784-7446,13/09/2021,17:00,27
4,Leodora,Khristyukhin,lkhristyukhin3@quantcast.com,597-543-6820,13/09/2021,12:30,25
5,Guglielma,Bog,gbog4@weebly.com,264-379-8488,13/09/2021,14:00,16
6,Courtenay,Tick,ctick5@goo.ne.jp,216-177-2994,13/09/2021,11:30,7
7,Vern,Sirr,vsirr6@e-recht24.de,393-987-9982,13/09/2021,11:30,13
8,Randal,Causley,rcausley7@rakuten.co.jp,551-651-1900,13/09/2021,17:30,9
9,Agnese,Rossoni,arossoni8@patch.com,552-915-5143,13/09/2021,17:00,27
10,Luther,Hawthorn,lhawthorn9@paginegialle.it,212-974-4531,13/09/2021,14:30,11
11,Kessia,Hobbing,khobbinga@bandcamp.com,252-441-6799,13/09/2021,17:00,27
12,Che,Gomm,cgommb@cdc.gov,963-647-2277,13/09/2021,16:00,26
13,Eolande,Memmory,ememmoryc@fc2.com,890-965-9417,13/09/2021,11:30,7
14,Dyana,Doncom,ddoncomd@mit.edu,206-626-5590,13/09/2021,14:00,10
15,Brooke,Worster,bworstere@webeden.co.uk,855-592-8761,13/09/2021,13:30,6
16,Llewellyn,Custard,lcustardf@toplist.cz,889-906-3879,13/09/2021,11:30,22
17,Tobe,Dummigan,tdummigang@google.co.uk,581-909-5417,13/09/2021,13:00,18
18,Auroora,Elcum,aelcumh@constantcontact.com,298-356-4246,13/09/2021,11:00,12
19,Veriee,Breeder,vbreederi@tumblr.com,376-153-8065,13/09/2021,10:30,29
20,Eadith,Caban,ecabanj@odnoklassniki.ru,860-798-7577,13/09/2021,15:00,21
21,Crichton,Hessenthaler,chessenthalerk@blog.com,846-912-4639,13/09/2021,14:00,16
22,Tarra,Richten,trichtenl@fastcompany.com,789-544-5981,13/09/2021,13:30,6
23,Issi,Gayter,igayterm@google.com.br,724-448-4743,30/09/2021,13:00,18
24,Arte,Klus,aklusn@nasa.gov,865-637-2099,13/09/2021,16:00,2
25,Jeannine,Parfitt,jparfitto@squidoo.com,559-211-8333,13/09/2021,11:00,2
26,Austine,Flanders,aflandersp@salon.com,347-328-7710,13/09/2021,11:00,2
27,Tabby,Beney,tbeneyq@amazon.de,160-557-7816,13/09/2021,13:30,1
28,Roi,Gallamore,rgallamorer@mtv.com,286-755-3551,13/09/2021,14:30,5
29,Sonya,Giannazzi,sgiannazzis@nsw.gov.au,864-286-6272,13/09/2021,10:30,29
30,Katy,Matt,kmattt@wufoo.com,661-603-5194,13/09/2021,14:00,16