tenent_id,first_name,last_name,email,telephone_number,required_move_in_date,required_move_in_time,property_id
1,Giffard,Baudesson,gbaudesson0@xrea.com,862-960-1214,27/07/2021,15:05,21
2,Prentice,Brennan,pbrennan1@europa.eu,444-921-0470,27/01/2021,23:48,8
3,Micki,Canedo,mcanedo2@wikimedia.org,171-841-0358,24/10/2020,0:02,18
4,Garreth,Chastel,gchastel3@go.com,145-849-3802,17/11/2020,11:27,7
5,Veronique,Whitmarsh,vwhitmarsh4@alexa.com,260-228-7269,14/12/2020,21:09,9
6,Haslett,O'Crevan,hocrevan5@meetup.com,914-762-2360,11/10/2020,13:20,22
7,Duff,Kinnear,dkinnear6@hibu.com,282-455-3231,11/12/2020,19:52,13
8,Ivy,Boliver,iboliver7@unc.edu,919-241-8667,24/08/2021,5:02,28
9,Joannes,McNally,jmcnally8@wikimedia.org,470-564-3830,14/04/2021,3:41,8
10,Garrek,Renzullo,grenzullo9@jalbum.net,559-514-1770,22/01/2021,9:05,29
11,Margarethe,Haxby,mhaxbya@gravatar.com,762-904-1820,16/12/2020,14:50,18
12,Celle,Leneham,clenehamb@github.com,667-219-5828,23/11/2020,23:44,12
13,Alfonse,Langthorn,alangthornc@opera.com,243-364-8823,02/09/2021,8:36,4
14,Corenda,Newlyn,cnewlynd@theatlantic.com,797-100-1479,02/03/2021,13:45,21
15,Thoma,Arni,tarnie@umich.edu,663-618-2642,22/04/2021,8:00,5
16,Emmalynn,Barends,ebarendsf@last.fm,781-582-6288,05/11/2020,8:54,2
17,Tabb,Sewall,tsewallg@paginegialle.it,827-277-3136,13/07/2021,14:06,7
18,Ronalda,Zimmermeister,rzimmermeisterh@hp.com,462-987-9162,24/09/2020,9:49,19
19,Cchaddie,Purshouse,cpurshousei@topsy.com,739-277-2877,08/09/2020,4:00,19
20,Pennie,Whelan,pwhelanj@columbia.edu,773-895-9870,28/10/2020,23:17,19
21,Jobey,Edeler,jedelerk@slideshare.net,372-189-4657,13/07/2021,9:10,7
22,Celene,McGruar,cmcgruarl@ucoz.com,856-879-9652,04/01/2021,1:08,21
23,Caren,Kleimt,ckleimtm@stumbleupon.com,956-139-1961,29/10/2020,23:22,16
24,Rad,Glewe,rglewen@gravatar.com,878-372-7585,20/11/2020,19:15,9
25,Robbyn,Mayhou,rmayhouo@wp.com,836-504-8675,12/11/2020,1:39,23
26,Lenee,Hardeman,lhardemanp@sciencedirect.com,568-975-0006,22/02/2021,1:55,14
27,Deanna,Marklund,dmarklundq@alexa.com,884-194-5194,11/02/2021,17:58,23
28,Lon,Gumary,lgumaryr@github.com,599-405-5649,05/02/2021,23:56,11
29,Irving,Talman,italmans@unesco.org,391-868-8844,28/11/2020,0:34,12
30,Kenton,De Giorgi,kdegiorgit@techcrunch.com,804-846-9456,12/03/2021,4:07,12
31,Adrien,Beelby,abeelbyu@360.cn,987-140-4608,20/06/2021,9:09,7
32,Aylmer,Treasaden,atreasadenv@booking.com,591-653-0630,19/05/2021,23:32,2
33,Tommie,Whitsun,twhitsunw@moonfruit.com,800-311-0588,23/12/2020,9:33,17
34,Gaby,Lyver,glyverx@dagondesign.com,247-592-7263,13/09/2020,8:57,10
35,Alexander,Dissman,adissmany@addtoany.com,662-242-2414,19/01/2021,1:44,21
36,Shaw,Lillyman,slillymanz@webmd.com,982-484-9616,07/07/2021,18:23,21
37,Sibelle,De Gregoli,sdegregoli10@wikipedia.org,537-674-5763,29/06/2021,12:43,19
38,Demeter,Dewhirst,ddewhirst11@harvard.edu,927-226-1512,26/12/2020,11:33,19
39,Bette-ann,McCritchie,bmccritchie12@cafepress.com,340-606-8821,30/09/2020,23:37,19
40,Carson,Dewdney,cdewdney13@usgs.gov,963-865-1406,22/07/2021,10:42,25
41,Bettye,Kristoffersson,bkristoffersson14@gizmodo.com,694-873-6199,17/09/2020,13:08,23
42,Nanny,Manville,nmanville15@theguardian.com,825-330-2060,26/01/2021,15:54,28
43,Davide,Pley,dpley16@sfgate.com,123-735-5696,01/05/2021,23:08,3
44,Leonanie,Buckthorp,lbuckthorp17@cocolog-nifty.com,308-987-6265,23/11/2020,11:51,11
45,Leslie,Kingsbury,lkingsbury18@networksolutions.com,278-716-5024,01/05/2021,20:29,23
46,Billie,Oneil,boneil19@tripod.com,958-764-9392,18/02/2021,16:41,17
47,Dorolice,Borkett,dborkett1a@booking.com,199-275-6246,17/07/2021,4:41,26
48,Bianca,Duffy,bduffy1b@wikipedia.org,731-882-2553,17/10/2020,16:14,10
49,Paul,Formby,pformby1c@state.gov,229-789-7626,17/04/2021,14:04,22
50,Tony,Inderwick,tinderwick1d@yelp.com,713-841-8380,02/03/2021,18:08,5
51,Cristian,Reddish,creddish1e@livejournal.com,514-989-0837,05/11/2020,8:39,4
52,Christie,Singleton,csingleton1f@kickstarter.com,750-710-5366,07/10/2020,8:14,9
53,Hulda,Hixson,hhixson1g@drupal.org,721-136-9855,26/10/2020,5:11,11
54,Brett,Edie,bedie1h@howstuffworks.com,253-951-7128,26/03/2021,3:14,6
55,Wakefield,Shaxby,wshaxby1i@whitehouse.gov,673-656-4395,08/01/2021,9:10,5
56,Shane,Morena,smorena1j@sogou.com,269-811-8262,08/04/2021,17:42,25
57,Carleen,Redgate,credgate1k@cisco.com,627-444-0498,22/01/2021,5:21,15
58,Jock,Hanscombe,jhanscombe1l@cmu.edu,300-736-9778,01/01/2021,3:32,11
59,Etta,Speedin,espeedin1m@oakley.com,951-606-1599,17/08/2021,12:56,12
60,Staford,Blakes,sblakes1n@wikispaces.com,982-851-2301,06/07/2021,3:59,28
61,Kris,Mix,kmix1o@wix.com,139-555-1613,24/02/2021,0:06,9
62,Gasper,Jacqueminet,gjacqueminet1p@adobe.com,970-505-8130,08/05/2021,5:38,14
63,Meriel,Clee,mclee1q@skype.com,227-419-6693,15/07/2021,21:21,13
64,Rosita,Mallatratt,rmallatratt1r@behance.net,336-774-0829,07/05/2021,12:07,19
65,Leonardo,Botham,lbotham1s@goo.ne.jp,889-763-2069,23/10/2020,23:29,13
66,Tessa,Kunath,tkunath1t@indiegogo.com,217-848-6315,04/12/2020,19:36,6
67,Glenine,Hartman,ghartman1u@house.gov,333-336-8246,17/01/2021,5:32,10
68,Valerie,Champerlen,vchamperlen1v@thetimes.co.uk,280-573-5110,06/12/2020,16:35,11
69,Liesa,Crowest,lcrowest1w@chron.com,872-247-7494,10/06/2021,9:37,1
70,Darleen,Hunnybun,dhunnybun1x@ebay.com,638-675-9500,21/01/2021,12:43,1
71,Matti,Gass,mgass1y@comcast.net,204-963-8729,21/03/2021,3:44,11
72,Nelli,Mart,nmart1z@wufoo.com,893-164-7704,23/12/2020,8:25,12
73,Rabi,Cramphorn,rcramphorn20@quantcast.com,695-582-7196,08/06/2021,13:39,18
74,Marcellus,Braun,mbraun21@cbc.ca,932-549-3332,11/05/2021,8:06,16
75,Robbie,Radeliffe,rradeliffe22@t-online.de,635-583-0692,17/07/2021,10:40,26
76,Marga,Donhardt,mdonhardt23@mtv.com,893-612-7888,20/02/2021,23:10,17
77,Melisandra,Blewis,mblewis24@japanpost.jp,831-269-8389,04/06/2021,11:29,7
78,Patrizia,Rizon,prizon25@ebay.com,287-376-3999,05/06/2021,9:02,4
79,Roby,Harrap,rharrap26@squidoo.com,494-143-1234,12/05/2021,22:30,25
80,Jeffie,Petrelli,jpetrelli27@dion.ne.jp,785-896-5205,27/01/2021,11:57,26
81,Orelia,Bernli,obernli28@tamu.edu,108-429-3028,09/01/2021,12:34,30
82,Lesley,Hastwell,lhastwell29@yale.edu,250-664-6819,26/01/2021,20:29,17
83,Rockwell,Yarwood,ryarwood2a@hp.com,276-164-9478,14/04/2021,14:55,3
84,Adel,Apedaile,aapedaile2b@joomla.org,420-721-6574,16/03/2021,18:01,17
85,Melicent,Adamo,madamo2c@home.pl,218-665-9033,23/07/2021,7:20,11
86,Michale,Bushe,mbushe2d@indiatimes.com,842-872-8484,02/08/2021,13:20,21
87,Lil,Touzey,ltouzey2e@seesaa.net,941-203-2260,15/03/2021,10:06,7
88,Kelwin,Hulse,khulse2f@examiner.com,719-427-0681,26/11/2020,18:04,23
89,Silas,Service,sservice2g@whitehouse.gov,769-351-3430,27/04/2021,15:45,9
90,Chanda,Kasper,ckasper2h@opera.com,471-129-7998,30/08/2021,17:15,13
91,Jori,Helsby,jhelsby2i@cnbc.com,655-794-1309,08/05/2021,10:44,30
92,Cary,Duffy,cduffy2j@lycos.com,790-293-4341,05/05/2021,5:55,2
93,Cameron,Cow,ccow2k@whitehouse.gov,537-228-5021,06/01/2021,9:28,7
94,Dayle,Clinton,dclinton2l@yandex.ru,864-781-9497,11/12/2020,4:29,1
95,Elysia,Brasher,ebrasher2m@behance.net,978-537-4610,25/07/2021,20:52,2
96,Petronia,D'Hooghe,pdhooghe2n@behance.net,771-612-0093,25/01/2021,17:54,13
97,Demetris,Olyfant,dolyfant2o@nsw.gov.au,992-996-2008,20/06/2021,15:42,5
98,Wilone,Iacovazzi,wiacovazzi2p@wikia.com,322-225-4092,04/02/2021,21:08,2
99,Calvin,Brymham,cbrymham2q@g.co,287-528-8684,06/07/2021,2:59,17
100,Daniella,Sackler,dsackler2r@com.com,517-671-3937,29/06/2021,13:56,30
101,Christoper,Larn,clarn2s@goo.ne.jp,338-215-0627,24/11/2020,4:37,17
102,Jeanne,Nayshe,jnayshe2t@360.cn,605-342-2894,07/09/2021,1:05,3
103,Hilton,Tommasi,htommasi2u@creativecommons.org,380-724-1714,31/01/2021,12:04,10
104,Rose,Murrell,rmurrell2v@feedburner.com,731-281-0372,22/06/2021,8:51,27
105,Clea,Yurkiewicz,cyurkiewicz2w@google.de,961-668-2454,10/10/2020,2:09,19
106,Allys,Jantot,ajantot2x@rakuten.co.jp,926-607-7896,16/06/2021,18:21,18
107,Jimmie,De Giovanni,jdegiovanni2y@woothemes.com,438-333-7551,20/03/2021,20:43,17
108,Marleen,Wigin,mwigin2z@behance.net,288-153-1151,19/08/2021,14:50,24
109,Sibeal,Wynch,swynch30@eventbrite.com,237-277-8226,04/04/2021,18:00,9
110,Basia,Clyburn,bclyburn31@netvibes.com,250-306-2427,08/12/2020,14:46,15
111,Kearney,Rosser,krosser32@eepurl.com,993-802-5577,16/06/2021,12:14,1
112,Cathrin,Deener,cdeener33@360.cn,626-589-7651,29/06/2021,8:56,13
113,Eyde,Disney,edisney34@sogou.com,728-315-6351,19/02/2021,14:37,29
114,Salomo,Cornew,scornew35@scientificamerican.com,716-468-0850,03/11/2020,14:15,30
115,Wandis,Imos,wimos36@cargocollective.com,404-572-8359,18/11/2020,13:21,27
116,Bird,Cordaroy,bcordaroy37@storify.com,887-242-3543,05/12/2020,8:15,5
117,Dicky,Portal,dportal38@businessinsider.com,451-754-2716,02/02/2021,23:35,7
118,Lorrie,Farenden,lfarenden39@telegraph.co.uk,925-147-3720,21/09/2020,12:44,21
119,Ilyssa,Rattrie,irattrie3a@amazon.com,208-922-6867,28/06/2021,22:03,16
120,Filmer,Candlish,fcandlish3b@tripod.com,292-190-6401,25/10/2020,20:01,12
121,Trista,Montfort,tmontfort3c@apple.com,475-766-5176,19/03/2021,5:16,5
122,Aurelea,Randleson,arandleson3d@mlb.com,469-900-2173,11/04/2021,16:18,14
123,Mariana,Jupp,mjupp3e@123-reg.co.uk,650-293-2035,09/11/2020,12:33,18
124,Tallie,Roscam,troscam3f@nytimes.com,306-615-1279,08/09/2020,8:41,6
125,Web,Visick,wvisick3g@mysql.com,795-674-2604,30/01/2021,17:44,8
126,Edeline,Ashdown,eashdown3h@nyu.edu,494-576-2786,14/01/2021,9:51,4
127,Cornell,Alforde,calforde3i@sbwire.com,727-993-4441,01/06/2021,15:26,28
128,Modesty,Cinavas,mcinavas3j@reverbnation.com,215-603-7851,14/02/2021,11:05,1
129,Giacinta,Newlan,gnewlan3k@canalblog.com,849-657-6403,10/09/2020,14:22,12
130,Zilvia,Dowtry,zdowtry3l@themeforest.net,395-377-9063,08/08/2021,1:59,12
131,Tessie,Goodfellow,tgoodfellow3m@japanpost.jp,635-641-8163,27/03/2021,12:06,10
132,Emmey,Dymoke,edymoke3n@storify.com,182-769-1246,23/02/2021,20:28,2
133,Kellie,Rainton,krainton3o@over-blog.com,670-798-1322,16/07/2021,3:02,23
134,Malena,Tregian,mtregian3p@omniture.com,851-685-7576,11/10/2020,15:35,24
135,Franz,Inderwick,finderwick3q@weather.com,893-945-9208,09/10/2020,2:02,18
136,Sigismundo,Cox,scox3r@wired.com,669-719-7258,01/08/2021,19:20,26
137,Bettine,Karolowski,bkarolowski3s@simplemachines.org,107-773-2002,12/03/2021,3:38,7
138,Jennie,Trighton,jtrighton3t@free.fr,195-320-2179,15/12/2020,17:01,22
139,Normy,Jeroch,njeroch3u@marriott.com,505-641-5602,09/03/2021,23:25,29
140,Peyter,Dudding,pdudding3v@mtv.com,922-778-5637,18/01/2021,4:39,10
141,Maryjo,Klaas,mklaas3w@canalblog.com,265-518-9906,25/08/2021,14:04,24
142,Tallie,Pedlingham,tpedlingham3x@narod.ru,220-718-8954,30/12/2020,8:19,18
143,Archaimbaud,Kegley,akegley3y@wikispaces.com,444-474-2009,04/05/2021,15:14,23
144,Ollie,Van der Son,ovanderson3z@sitemeter.com,377-218-1012,27/08/2021,11:13,28
145,Lonni,Walsom,lwalsom40@bing.com,410-288-3639,19/10/2020,14:46,17
146,Elliott,Tucsell,etucsell41@chronoengine.com,887-463-2218,20/01/2021,7:02,7
147,Clement,Badwick,cbadwick42@yellowbook.com,358-884-1749,22/03/2021,4:17,11
148,Albrecht,MacCrackan,amaccrackan43@lycos.com,359-690-5193,20/10/2020,13:18,29
149,Lorenzo,Routley,lroutley44@zimbio.com,267-549-8298,05/07/2021,11:29,6
150,Ranna,Pidler,rpidler45@goo.ne.jp,425-755-9346,05/01/2021,19:18,15
151,Merrile,Lintot,mlintot46@washingtonpost.com,710-330-1825,13/09/2020,0:40,20
152,Marline,Ragge,mragge47@eepurl.com,669-765-1933,22/10/2020,1:37,19
153,Reamonn,Blazek,rblazek48@shutterfly.com,151-312-6701,13/01/2021,17:14,3
154,Merci,Batterham,mbatterham49@loc.gov,742-341-3422,04/02/2021,16:11,16
155,Isidoro,Dennett,idennett4a@usda.gov,939-866-7030,12/09/2020,9:57,21
156,Clark,Gathercoal,cgathercoal4b@so-net.ne.jp,583-577-7002,04/08/2021,3:44,22
157,Zaneta,Meddows,zmeddows4c@de.vu,285-442-5595,03/06/2021,9:58,3
158,Corey,Shortin,cshortin4d@disqus.com,891-665-7908,25/01/2021,21:22,19
159,Jo-anne,Jirzik,jjirzik4e@vk.com,808-414-4954,06/12/2020,2:04,24
160,Rhett,Cornborough,rcornborough4f@wp.com,238-290-5572,12/04/2021,9:03,22
161,Linnet,Deboy,ldeboy4g@chron.com,336-743-7711,14/12/2020,14:36,12
162,Husain,Burth,hburth4h@unblog.fr,407-359-0909,08/07/2021,14:03,18
163,Giorgia,Skellen,gskellen4i@samsung.com,542-282-5754,04/07/2021,15:54,14
164,Gerick,Gelderd,ggelderd4j@hhs.gov,973-421-9881,06/04/2021,17:47,4
165,Isa,Trowel,itrowel4k@lulu.com,376-533-0956,14/07/2021,17:37,5
166,Evanne,Lochhead,elochhead4l@example.com,358-270-2895,17/03/2021,14:11,1
167,Alwyn,De Blasiis,adeblasiis4m@ucoz.com,681-629-5603,24/08/2021,13:22,18
168,Garth,Winship,gwinship4n@ihg.com,559-593-1886,17/05/2021,13:05,25
169,Jilly,Topper,jtopper4o@fda.gov,362-741-2158,09/03/2021,3:43,29
170,Nelle,Klimaszewski,nklimaszewski4p@mayoclinic.com,954-799-9126,03/08/2021,17:39,1
171,Jaquelyn,Ashmore,jashmore4q@goodreads.com,640-454-2710,25/07/2021,7:32,27
172,Dallas,Rigardeau,drigardeau4r@weather.com,443-339-7957,27/04/2021,0:45,15
173,Ewell,Duffett,eduffett4s@imgur.com,761-658-9721,26/10/2020,16:26,25
174,Camey,Farnie,cfarnie4t@cdbaby.com,638-959-0302,02/09/2021,14:17,21
175,Stefania,Dudny,sdudny4u@usnews.com,487-926-9351,03/03/2021,7:22,3
176,Joella,Moralee,jmoralee4v@vinaora.com,606-714-3182,05/09/2021,2:13,15
177,Araldo,Brickell,abrickell4w@springer.com,278-637-6291,27/05/2021,8:15,22
178,Rafa,Sinson,rsinson4x@chron.com,602-528-6590,16/07/2021,11:38,24
179,Erhard,Skitch,eskitch4y@ycombinator.com,792-815-3976,16/01/2021,18:31,6
180,Dalis,Nestoruk,dnestoruk4z@java.com,715-903-9334,14/03/2021,16:11,25
181,Friedrich,Levick,flevick50@buzzfeed.com,757-407-7665,22/09/2020,22:16,28
182,Emeline,Dainter,edainter51@pen.io,172-444-6301,01/05/2021,7:04,24
183,Chiquita,Hunnywell,chunnywell52@craigslist.org,251-574-2488,19/02/2021,20:10,26
184,Berenice,Kail,bkail53@digg.com,672-173-1493,17/03/2021,2:26,8
185,Vivyan,Buse,vbuse54@bizjournals.com,517-836-7780,13/04/2021,0:00,14
186,Sky,Harbinson,sharbinson55@nbcnews.com,384-159-4499,14/08/2021,22:35,28
187,Milty,Baleine,mbaleine56@yandex.ru,919-831-6772,18/03/2021,16:25,23
188,Elisabetta,Lamminam,elamminam57@oracle.com,208-177-5762,22/10/2020,12:53,4
189,Corrinne,Hurll,churll58@google.pl,397-855-2054,22/09/2020,2:26,26
190,Kin,Trowl,ktrowl59@constantcontact.com,360-942-1801,03/10/2020,2:36,25
191,Arluene,Tryme,atryme5a@buzzfeed.com,188-361-0585,15/11/2020,14:55,28
192,Glynnis,Ronchi,gronchi5b@wunderground.com,262-713-2213,16/05/2021,18:25,16
193,Britt,Flori,bflori5c@ocn.ne.jp,837-397-7313,05/07/2021,13:07,3
194,Michail,Inggall,minggall5d@prweb.com,715-566-3937,09/09/2020,1:47,6
195,Dale,Raoux,draoux5e@studiopress.com,708-440-3243,18/11/2020,23:25,14
196,Markos,Durrell,mdurrell5f@shop-pro.jp,594-966-0234,12/12/2020,4:18,17
197,Kass,Seagar,kseagar5g@goo.ne.jp,367-246-4786,10/11/2020,11:16,9
198,Cassy,Slatten,cslatten5h@ameblo.jp,535-636-9032,02/01/2021,6:34,15
199,Halsey,McKellen,hmckellen5i@wordpress.com,663-803-3930,31/01/2021,4:39,3
200,Bartlett,Shann,bshann5j@usda.gov,767-517-9736,29/07/2021,16:15,24
201,Addie,Vondra,avondra5k@discuz.net,370-277-5558,27/06/2021,15:53,17
202,Arlan,Dark,adark5l@blogspot.com,401-418-9548,18/03/2021,1:52,25
203,Minni,Estabrook,mestabrook5m@dailymotion.com,160-121-8136,27/10/2020,18:22,2
204,Di,Staner,dstaner5n@scribd.com,768-945-5839,20/09/2020,10:54,30
205,Serene,Blench,sblench5o@macromedia.com,342-354-1864,18/02/2021,11:17,21
206,Roselin,Sturman,rsturman5p@g.co,233-153-2128,08/11/2020,3:57,8
207,Vikky,Yeomans,vyeomans5q@intel.com,727-862-2239,14/12/2020,3:32,24
208,Enrica,Silson,esilson5r@reuters.com,362-231-5909,11/10/2020,7:15,6
209,Wadsworth,Middleweek,wmiddleweek5s@va.gov,310-907-6462,13/02/2021,0:37,17
210,Liuka,Shenfisch,lshenfisch5t@storify.com,945-399-5573,29/12/2020,1:49,21
211,Tess,Novic,tnovic5u@noaa.gov,950-900-7380,08/03/2021,6:46,23
212,Kaile,Sail,ksail5v@upenn.edu,473-384-5741,20/07/2021,20:58,24
213,Nickolas,Roobottom,nroobottom5w@theglobeandmail.com,714-473-5212,27/10/2020,11:32,12
214,Claribel,Stannus,cstannus5x@webeden.co.uk,708-188-1000,25/05/2021,4:35,14
215,Fae,Assur,fassur5y@mediafire.com,226-451-4696,09/10/2020,9:31,19
216,Karlik,Bouller,kbouller5z@chronoengine.com,983-581-8491,09/02/2021,1:42,21
217,Karalee,Dommersen,kdommersen60@ocn.ne.jp,504-684-0390,10/01/2021,4:19,18
218,Scott,Swinbourne,sswinbourne61@nyu.edu,838-930-7150,04/12/2020,5:29,28
219,Bordy,Fonso,bfonso62@npr.org,297-373-2910,17/09/2020,12:40,12
220,Laurel,Leathers,lleathers63@bloomberg.com,880-712-3637,06/08/2021,23:52,4
221,Paloma,Castleman,pcastleman64@newyorker.com,482-116-1145,02/06/2021,23:38,13
222,Alexis,Phin,aphin65@topsy.com,213-895-6590,16/06/2021,12:58,8
223,Isabella,McIvor,imcivor66@uol.com.br,239-937-6754,11/07/2021,20:16,27
224,Mano,Windrus,mwindrus67@google.cn,428-616-6215,04/12/2020,14:39,15
225,Robinet,Daffern,rdaffern68@comcast.net,909-218-5150,16/10/2020,8:53,20
226,Braden,Havile,bhavile69@lulu.com,800-951-1202,27/06/2021,4:23,28
227,Skippie,Barron,sbarron6a@ox.ac.uk,133-551-9901,06/07/2021,15:59,8
228,Danice,Philo,dphilo6b@wordpress.org,907-432-4031,28/08/2021,19:49,10
229,Nobie,Glanz,nglanz6c@marketwatch.com,299-230-4483,06/11/2020,9:04,28
230,Jessie,Cheeney,jcheeney6d@creativecommons.org,432-828-3125,28/02/2021,17:21,10
231,Boycie,Melville,bmelville6e@unicef.org,989-526-8776,05/04/2021,20:29,18
232,Irita,Barbara,ibarbara6f@icq.com,441-429-7874,27/08/2021,17:27,6
233,Colleen,Flory,cflory6g@squidoo.com,204-479-7031,12/02/2021,7:32,24
234,Allegra,Berntsson,aberntsson6h@geocities.com,973-364-6972,20/08/2021,4:24,13
235,Lefty,MacGiolla,lmacgiolla6i@cnet.com,161-693-3675,04/04/2021,21:17,8
236,Sunny,Anstee,sanstee6j@state.gov,601-653-2413,12/03/2021,8:08,27
237,Tanny,Menendes,tmenendes6k@joomla.org,901-821-7926,25/11/2020,3:47,19
238,Sheilakathryn,Grandin,sgrandin6l@guardian.co.uk,138-415-0901,17/03/2021,21:27,25
239,Moria,Missenden,mmissenden6m@skype.com,968-135-2925,14/06/2021,2:38,28
240,Roanne,Evered,revered6n@ning.com,664-563-5436,07/04/2021,8:00,23
241,Johnette,O'Fallone,jofallone6o@webs.com,700-806-2428,02/04/2021,18:59,20
242,Delmar,Waadenburg,dwaadenburg6p@constantcontact.com,820-462-0570,27/10/2020,18:35,13
243,Rana,Raffan,rraffan6q@reuters.com,543-142-6778,31/08/2021,10:00,29
244,Myrna,Eakin,meakin6r@drupal.org,898-864-7233,11/09/2020,11:52,3
245,Renate,Rolfi,rrolfi6s@printfriendly.com,165-249-1062,13/06/2021,15:54,7
246,Caritta,MacKilroe,cmackilroe6t@studiopress.com,345-175-0136,20/10/2020,18:16,5
247,Dacey,Oxtaby,doxtaby6u@diigo.com,689-863-2483,13/08/2021,19:45,10
248,Domini,Jachimak,djachimak6v@reverbnation.com,674-388-5538,12/11/2020,10:56,25
249,Jewel,Carn,jcarn6w@last.fm,990-961-9553,30/12/2020,23:30,19
250,Duffy,Aery,daery6x@prweb.com,202-456-5395,24/10/2020,23:51,19
251,Tibold,McMonies,tmcmonies6y@ucoz.com,609-254-5305,17/10/2020,18:14,30
252,Genni,Karlmann,gkarlmann6z@chicagotribune.com,610-210-8006,09/05/2021,2:12,9
253,Elene,Collicott,ecollicott70@cafepress.com,984-728-8738,26/11/2020,10:47,30
254,Courtnay,Korlat,ckorlat71@mayoclinic.com,862-366-0307,05/11/2020,4:52,22
255,Emmalyn,O'Nowlan,eonowlan72@apple.com,692-945-1897,12/10/2020,15:59,26
256,Markos,Gillmor,mgillmor73@ed.gov,827-592-8825,15/09/2020,2:20,15
257,Arturo,Poulson,apoulson74@shop-pro.jp,559-391-1640,16/02/2021,20:52,16
258,Basile,Applewhite,bapplewhite75@usda.gov,916-521-6736,21/09/2020,4:09,5
259,Laney,Craythorn,lcraythorn76@redcross.org,691-479-5405,28/08/2021,18:55,25
260,Rees,Leese,rleese77@reuters.com,367-446-5498,11/01/2021,15:42,13
261,Dosi,Rosgen,drosgen78@seattletimes.com,985-529-1431,29/05/2021,23:24,4
262,Bendix,Spatig,bspatig79@dyndns.org,170-168-4489,30/07/2021,23:37,2
263,Quinta,Ferrant,qferrant7a@feedburner.com,754-134-5261,10/01/2021,6:36,28
264,Alan,Ogilvie,aogilvie7b@4shared.com,132-748-9845,26/11/2020,17:15,3
265,Mandel,Lecky,mlecky7c@fastcompany.com,549-431-3006,09/03/2021,16:56,10
266,Hesther,Leemans,hleemans7d@timesonline.co.uk,371-133-5390,21/05/2021,12:14,29
267,Wrennie,Jira,wjira7e@dmoz.org,388-780-0810,15/10/2020,5:01,26
268,Nicky,Dresse,ndresse7f@time.com,250-359-4797,29/06/2021,8:45,26
269,Fraser,Eastabrook,feastabrook7g@amazon.co.jp,899-631-0719,10/05/2021,7:37,20
270,Ethelbert,Hambelton,ehambelton7h@hugedomains.com,956-414-5929,23/01/2021,18:19,12
271,Dael,Brixey,dbrixey7i@java.com,685-812-6996,22/08/2021,5:57,8
272,Cleon,Blenkinsopp,cblenkinsopp7j@ning.com,646-231-6250,09/07/2021,12:06,22
273,Carolina,Lapidus,clapidus7k@hexun.com,852-520-8699,18/06/2021,19:00,23
274,Evie,Dannohl,edannohl7l@opensource.org,451-560-5546,27/04/2021,2:14,17
275,Winnifred,Cramphorn,wcramphorn7m@google.co.jp,101-101-4115,11/12/2020,11:10,1
276,Loria,Caulier,lcaulier7n@home.pl,421-380-9361,22/07/2021,15:29,8
277,Simon,Lavallie,slavallie7o@i2i.jp,301-876-2811,10/07/2021,16:21,14
278,Alard,Dottrell,adottrell7p@123-reg.co.uk,690-392-2210,04/03/2021,22:50,17
279,Erica,Colvine,ecolvine7q@spotify.com,758-715-5011,06/07/2021,18:32,5
280,Fionnula,Gaskamp,fgaskamp7r@sitemeter.com,964-312-1777,13/09/2020,20:51,9
281,Cordy,Sprackling,csprackling7s@kickstarter.com,757-963-2672,10/02/2021,19:15,4
282,Luther,Whorf,lwhorf7t@liveinternet.ru,123-798-9969,21/06/2021,20:56,30
283,Hamil,McAsgill,hmcasgill7u@purevolume.com,308-831-5560,13/04/2021,1:48,12
284,Kerk,Weich,kweich7v@pen.io,348-840-1247,31/01/2021,18:28,1
285,Merrielle,Stennet,mstennet7w@sina.com.cn,777-795-9823,22/02/2021,12:14,20
286,Brendis,Grote,bgrote7x@spiegel.de,322-833-7280,29/05/2021,14:58,19
287,Savina,Sooley,ssooley7y@cdc.gov,994-679-4121,14/04/2021,22:40,3
288,Darrell,Claricoats,dclaricoats7z@umn.edu,163-300-4972,11/04/2021,22:51,28
289,Dimitri,Aindrais,daindrais80@elpais.com,588-434-7646,22/01/2021,8:39,6
290,Lenette,Bann,lbann81@sourceforge.net,997-849-1417,23/06/2021,0:44,30
291,Demetrius,Lofthouse,dlofthouse82@issuu.com,811-454-1527,28/05/2021,2:34,18
292,Eunice,Skein,eskein83@sfgate.com,354-718-4799,17/05/2021,14:15,20
293,Alessandra,Seeley,aseeley84@histats.com,375-783-0870,24/04/2021,16:46,10
294,Ingrid,Savin,isavin85@live.com,502-706-2792,29/07/2021,21:09,15
295,Viviyan,Joffe,vjoffe86@goodreads.com,619-684-1550,16/03/2021,8:12,18
296,Franciskus,Scowen,fscowen87@webmd.com,789-810-6482,01/05/2021,14:47,10
297,Claretta,Bracer,cbracer88@creativecommons.org,477-616-9366,23/02/2021,15:01,5
298,Parke,Zanneli,pzanneli89@theguardian.com,860-102-1718,10/05/2021,7:39,10
299,Horton,Thorndale,hthorndale8a@delicious.com,192-786-6525,20/12/2020,12:26,7
300,Cristin,Peyzer,cpeyzer8b@g.co,962-251-1906,28/10/2020,22:07,16
301,Benedicta,Carbery,bcarbery8c@geocities.jp,711-174-4341,20/10/2020,3:21,19
302,Boone,Pennicard,bpennicard8d@hibu.com,683-792-8611,03/03/2021,19:41,12
303,Chrissie,Tredgold,ctredgold8e@icq.com,310-827-2094,15/09/2020,14:12,12
304,Jan,Markos,jmarkos8f@ezinearticles.com,222-473-6800,25/05/2021,20:31,5
305,Davita,Sokell,dsokell8g@scribd.com,178-235-0085,13/08/2021,21:43,15
306,Mommy,Denzey,mdenzey8h@ihg.com,713-494-8605,14/06/2021,20:24,9
307,Adara,Schule,aschule8i@webs.com,927-855-6747,03/11/2020,13:16,3
308,Corbin,Larrington,clarrington8j@scribd.com,660-170-3619,29/03/2021,7:28,11
309,Danell,Giuroni,dgiuroni8k@reverbnation.com,589-878-7418,10/01/2021,3:04,16
310,Juanita,Beswick,jbeswick8l@tmall.com,412-997-4257,06/07/2021,16:37,5
311,Luciana,Brewitt,lbrewitt8m@networksolutions.com,337-366-0846,04/03/2021,10:21,6
312,Vivia,Duxbarry,vduxbarry8n@state.gov,364-430-2542,05/06/2021,9:25,8
313,Karalee,Milvarnie,kmilvarnie8o@elegantthemes.com,565-422-5525,20/07/2021,14:00,7
314,Cortney,Yaxley,cyaxley8p@google.co.uk,120-316-2040,24/08/2021,21:03,12
315,Pauly,Seamark,pseamark8q@scribd.com,954-656-3951,06/08/2021,17:20,8
316,Jacquelin,Drinkel,jdrinkel8r@comcast.net,845-178-2153,07/06/2021,3:10,11
317,Lionel,McEnhill,lmcenhill8s@hhs.gov,351-678-9062,07/10/2020,20:47,2
318,Rogerio,Chaikovski,rchaikovski8t@com.com,738-976-2856,04/08/2021,16:12,26
319,Geraldine,Itzkovsky,gitzkovsky8u@shop-pro.jp,133-688-4567,27/10/2020,2:53,22
320,Corrie,Langshaw,clangshaw8v@mapy.cz,983-611-4461,04/01/2021,13:51,3
321,Kenneth,Buchett,kbuchett8w@jalbum.net,752-270-9179,05/02/2021,11:48,1
322,Kitti,Hendin,khendin8x@friendfeed.com,875-930-9404,16/10/2020,14:12,7
323,Dorris,Arp,darp8y@uiuc.edu,387-742-1394,07/12/2020,22:40,21
324,Karie,Sibborn,ksibborn8z@last.fm,301-905-4022,23/11/2020,9:09,18
325,Margaret,Colwill,mcolwill90@ft.com,967-461-6728,19/04/2021,13:41,17
326,Rockie,Challice,rchallice91@sohu.com,306-494-6818,03/12/2020,5:20,1
327,Ermin,Batchelour,ebatchelour92@google.ru,149-621-8503,30/08/2021,8:10,12
328,Antony,Sibbering,asibbering93@godaddy.com,616-872-7868,25/06/2021,12:20,1
329,Jessamyn,Ruckledge,jruckledge94@sciencedirect.com,648-331-6998,07/06/2021,23:56,19
330,Diane-marie,Di Carlo,ddicarlo95@prnewswire.com,414-596-2990,06/01/2021,11:51,25
331,Alex,Renachowski,arenachowski96@mtv.com,796-780-0554,20/02/2021,8:47,17
332,Dehlia,Wildash,dwildash97@mozilla.org,103-141-7811,13/11/2020,19:16,19
333,Carter,Easdon,ceasdon98@hostgator.com,100-675-9521,10/01/2021,20:01,6
334,Guy,Joyce,gjoyce99@sina.com.cn,108-410-1471,01/06/2021,15:43,22
335,Kelci,Charter,kcharter9a@alexa.com,844-679-6290,19/04/2021,19:57,16
336,Yale,Grishakov,ygrishakov9b@studiopress.com,174-394-1567,23/05/2021,14:34,25
337,Hyman,Calken,hcalken9c@photobucket.com,871-902-3976,30/05/2021,11:18,25
338,Sibella,Road,sroad9d@microsoft.com,304-649-3568,25/08/2021,18:09,27
339,Carlie,Lichfield,clichfield9e@timesonline.co.uk,166-433-2979,23/05/2021,22:11,24
340,Vania,Northam,vnortham9f@msu.edu,939-597-7926,09/08/2021,4:59,28
341,Alidia,Sibbet,asibbet9g@rediff.com,855-449-6635,12/02/2021,9:52,13
342,Sapphira,Patullo,spatullo9h@mozilla.com,120-826-2630,04/12/2020,1:38,16
343,Spence,Martt,smartt9i@cafepress.com,873-707-2982,20/05/2021,0:20,19
344,Aldridge,McGow,amcgow9j@barnesandnoble.com,672-785-9947,04/02/2021,6:51,19
345,Abbey,Sharper,asharper9k@bloglovin.com,561-490-7840,30/08/2021,17:58,21
346,De witt,Borthram,dborthram9l@canalblog.com,152-863-9844,01/03/2021,9:52,22
347,Mathilda,Mushart,mmushart9m@ycombinator.com,796-690-3320,04/03/2021,17:37,1
348,Sandy,Batchley,sbatchley9n@theatlantic.com,383-539-7033,08/10/2020,4:20,21
349,Kyle,Southerns,ksoutherns9o@feedburner.com,219-632-4072,29/11/2020,3:51,7
350,Bibi,Bracci,bbracci9p@usda.gov,980-669-2786,20/04/2021,19:58,17
351,Neille,Dabell,ndabell9q@networkadvertising.org,684-415-8484,12/06/2021,4:53,30
352,Lonnie,Maldin,lmaldin9r@sitemeter.com,813-677-8695,19/10/2020,21:56,17
353,Deena,Cleverly,dcleverly9s@seattletimes.com,586-525-1285,15/04/2021,15:19,9
354,Kean,Prout,kprout9t@sohu.com,584-598-6452,04/10/2020,16:52,12
355,Sianna,O'Sharkey,sosharkey9u@youtu.be,804-780-2098,17/06/2021,5:50,15
356,Martino,Tresvina,mtresvina9v@desdev.cn,878-899-6461,18/12/2020,16:32,24
357,Arney,Paolone,apaolone9w@chicagotribune.com,526-632-1691,18/10/2020,23:12,3
358,Grove,Catonne,gcatonne9x@umich.edu,764-150-8443,26/10/2020,6:39,5
359,Donny,Chalfain,dchalfain9y@livejournal.com,800-617-9395,13/02/2021,22:06,2
360,Mercie,Mulroy,mmulroy9z@tumblr.com,601-342-5004,17/04/2021,3:36,28
361,Karyn,Sewill,ksewilla0@state.gov,521-817-4713,27/10/2020,20:13,2
362,Letizia,Lamont,llamonta1@home.pl,864-984-7323,10/11/2020,6:33,2
363,Torrance,Croydon,tcroydona2@tripadvisor.com,284-802-3678,21/08/2021,18:21,25
364,Emilie,Highman,ehighmana3@pinterest.com,426-617-9464,30/01/2021,8:16,1
365,Roxi,Shay,rshaya4@imdb.com,847-222-3209,17/01/2021,9:17,28
366,Ferrell,Daugherty,fdaughertya5@accuweather.com,722-123-6677,19/04/2021,6:03,7
367,Theodoric,Dumphry,tdumphrya6@discovery.com,899-696-4903,22/09/2020,3:29,6
368,Selinda,Tomasoni,stomasonia7@creativecommons.org,475-551-4664,30/09/2020,4:17,16
369,Bertha,Girvan,bgirvana8@washingtonpost.com,818-240-3527,19/10/2020,5:14,22
370,Hyacintha,Rudolph,hrudolpha9@blogs.com,665-208-6836,22/11/2020,4:32,16
371,Dorotea,Diment,ddimentaa@hud.gov,359-336-2995,30/03/2021,10:13,25
372,Agneta,Zecchi,azecchiab@mlb.com,395-502-8920,14/02/2021,20:50,22
373,Casper,Alexandersson,calexanderssonac@purevolume.com,582-792-2527,29/07/2021,22:41,16
374,Nertie,Joberne,njobernead@army.mil,530-525-2125,22/05/2021,15:00,15
375,Chelsae,Birtwhistle,cbirtwhistleae@google.cn,612-666-1374,30/01/2021,22:03,16
376,Fawne,McCrisken,fmccriskenaf@thetimes.co.uk,567-258-8480,03/11/2020,9:06,25
377,Jerrilyn,Hoffmann,jhoffmannag@multiply.com,694-131-7667,11/05/2021,1:39,3
378,Carmelita,Hobson,chobsonah@springer.com,983-957-2391,05/01/2021,11:12,13
379,Darsey,Swine,dswineai@oakley.com,859-826-2763,28/01/2021,1:30,30
380,Eileen,Jurgen,ejurgenaj@wiley.com,418-207-9249,01/04/2021,18:36,12
381,Bab,Sline,bslineak@gnu.org,902-381-0630,16/05/2021,6:10,27
382,Ase,Duce,aduceal@typepad.com,216-406-9198,06/09/2021,6:27,26
383,Clair,Crosoer,ccrosoeram@imageshack.us,568-264-4238,09/06/2021,19:11,2
384,Nicola,Fallowes,nfallowesan@cafepress.com,642-368-1928,01/08/2021,19:45,6
385,Archibold,Haskell,ahaskellao@miibeian.gov.cn,724-419-5232,08/01/2021,18:16,11
386,Flossie,Rottenbury,frottenburyap@com.com,598-781-1240,15/07/2021,14:11,18
387,Minda,Myrtle,mmyrtleaq@examiner.com,652-566-3952,25/06/2021,22:47,27
388,Dilly,Androck,dandrockar@hp.com,847-728-4564,27/04/2021,20:17,10
389,Jillana,Jeannard,jjeannardas@jiathis.com,454-460-4297,13/04/2021,8:58,28
390,Alexi,Huddlestone,ahuddlestoneat@bloglines.com,984-933-1503,05/08/2021,18:11,25
391,Ellsworth,Wixey,ewixeyau@bloglovin.com,237-191-8215,28/10/2020,12:03,27
392,Clair,Bearne,cbearneav@salon.com,562-288-2721,05/01/2021,2:41,7
393,Lari,Schleicher,lschleicheraw@instagram.com,296-951-8638,05/05/2021,11:20,8
394,Chevalier,Newarte,cnewarteax@google.ca,537-764-0093,19/02/2021,16:43,3
395,Fielding,Bellanger,fbellangeray@usgs.gov,657-361-3043,15/12/2020,0:34,18
396,Prisca,Clears,pclearsaz@xing.com,648-603-7620,10/08/2021,18:39,16
397,Creighton,Barbera,cbarberab0@vkontakte.ru,477-465-9076,28/06/2021,12:37,25
398,Bernadine,Zanetti,bzanettib1@imdb.com,760-379-6390,31/12/2020,18:44,16
399,Odie,Reggiani,oreggianib2@istockphoto.com,378-563-4178,17/04/2021,10:42,25
400,Janette,Paget,jpagetb3@w3.org,511-155-9813,14/10/2020,19:38,25
401,Windy,Supple,wsuppleb4@microsoft.com,613-501-0881,06/08/2021,0:09,9
402,Sophey,Ades,sadesb5@unblog.fr,879-228-9659,24/01/2021,7:40,3
403,Eugene,Silverstone,esilverstoneb6@google.ru,642-814-1034,14/11/2020,1:02,11
404,Isiahi,Skirlin,iskirlinb7@google.ca,888-470-7263,24/03/2021,18:16,24
405,Roxine,Keough,rkeoughb8@histats.com,936-192-0421,25/01/2021,15:09,14
406,Lanie,Cadany,lcadanyb9@nhs.uk,284-874-1009,25/02/2021,14:18,25
407,Nicol,Heisman,nheismanba@homestead.com,610-932-7195,19/09/2020,19:59,26
408,Zolly,Glasspool,zglasspoolbb@sohu.com,425-318-0401,27/02/2021,3:20,18
409,Haskel,Scholte,hscholtebc@csmonitor.com,850-589-1712,28/11/2020,15:49,2
410,Cleopatra,Popping,cpoppingbd@google.ru,479-230-0038,15/03/2021,6:03,7
411,Peri,Deer,pdeerbe@wsj.com,941-460-5738,13/03/2021,20:40,28
412,Yolanthe,Fomichkin,yfomichkinbf@wikia.com,828-920-6762,30/01/2021,6:18,22
413,Melody,Berriball,mberriballbg@nbcnews.com,910-618-6777,29/10/2020,3:31,9
414,Allyson,Itzhaki,aitzhakibh@acquirethisname.com,141-577-3907,09/01/2021,7:07,30
415,Reinwald,Strute,rstrutebi@last.fm,801-901-3465,28/06/2021,3:10,11
416,Francene,Massie,fmassiebj@istockphoto.com,621-157-8159,16/03/2021,16:49,29
417,Ottilie,Hintze,ohintzebk@zdnet.com,967-647-8983,29/09/2020,23:30,27
418,Louie,McGuckin,lmcguckinbl@woothemes.com,539-627-8806,18/04/2021,0:19,18
419,Fidelio,Cordey,fcordeybm@bluehost.com,260-150-6883,15/06/2021,21:35,2
420,Ula,Lempenny,ulempennybn@shutterfly.com,101-754-2267,30/08/2021,7:43,25
421,Darrel,Holdey,dholdeybo@indiatimes.com,119-763-5844,16/07/2021,6:10,19
422,Winthrop,Macrae,wmacraebp@dmoz.org,930-791-2037,13/06/2021,0:03,17
423,Zed,Skipp,zskippbq@netlog.com,457-504-5908,30/09/2020,22:03,27
424,Uriah,Antyukhin,uantyukhinbr@php.net,349-922-4382,02/09/2021,23:50,2
425,Mufi,Alleyn,malleynbs@dailymotion.com,747-311-9267,31/12/2020,4:22,19
426,Steffen,Rillett,srillettbt@ebay.com,165-645-3542,16/03/2021,15:49,2
427,Livvie,Doggett,ldoggettbu@dedecms.com,619-726-1439,04/03/2021,0:26,14
428,Prudi,Wrightem,pwrightembv@simplemachines.org,724-239-0988,26/08/2021,16:30,29
429,Karly,Chalke,kchalkebw@mapquest.com,692-297-7662,02/03/2021,12:28,21
430,Myrilla,Candwell,mcandwellbx@vistaprint.com,864-876-6299,13/03/2021,3:32,25
431,Jakob,Wawer,jwawerby@bigcartel.com,154-606-4348,02/06/2021,10:13,26
432,Adelbert,Carp,acarpbz@yale.edu,658-539-5074,04/11/2020,3:53,19
433,Karleen,Dawe,kdawec0@over-blog.com,742-952-3500,21/01/2021,14:18,28
434,Valeda,Saul,vsaulc1@blinklist.com,319-443-3636,27/02/2021,3:50,11
435,Lewiss,Galia,lgaliac2@cnbc.com,761-957-9155,27/07/2021,8:42,6
436,Imelda,Swaffield,iswaffieldc3@csmonitor.com,994-882-6909,25/09/2020,22:42,20
437,Debi,Sabine,dsabinec4@plala.or.jp,834-190-6224,28/04/2021,16:27,20
438,Darsie,Branson,dbransonc5@apple.com,850-288-2231,21/03/2021,2:18,1
439,Rosabelle,Lempel,rlempelc6@nbcnews.com,156-665-5693,15/06/2021,18:59,1
440,Adlai,Vedeneev,avedeneevc7@weibo.com,226-484-3866,27/05/2021,13:18,21
441,Randee,Brownsworth,rbrownsworthc8@fda.gov,136-222-0615,07/03/2021,18:32,27
442,Walton,Padrick,wpadrickc9@bbc.co.uk,191-884-4735,04/06/2021,14:30,1
443,Garry,Brind,gbrindca@japanpost.jp,804-971-3584,01/11/2020,0:12,3
444,Jeniffer,Spearman,jspearmancb@woothemes.com,258-785-1314,24/09/2020,2:26,1
445,Rosie,Adamowitz,radamowitzcc@sciencedirect.com,110-807-3051,28/12/2020,9:20,3
446,Kelci,Guillain,kguillaincd@flavors.me,983-341-4617,06/08/2021,23:31,23
447,Babbie,Polotti,bpolottice@gravatar.com,563-491-6643,01/11/2020,14:26,16
448,Conrade,Rawstorn,crawstorncf@wp.com,560-611-2608,10/01/2021,11:32,5
449,Avrit,Latliff,alatliffcg@fema.gov,326-335-6436,23/12/2020,5:43,14
450,Pammie,Ginity,pginitych@rambler.ru,126-117-1866,07/06/2021,10:50,16
451,Darya,Ravenshear,dravenshearci@g.co,834-234-6798,15/06/2021,4:20,1
452,Tarrah,Kuhn,tkuhncj@yellowbook.com,465-811-1965,30/06/2021,14:41,9
453,Caril,Matuszyk,cmatuszykck@blogger.com,917-341-7233,19/05/2021,9:32,21
454,Ellie,Levesley,elevesleycl@ycombinator.com,150-122-8126,15/04/2021,0:11,11
455,Gerald,Desouza,gdesouzacm@hubpages.com,431-260-1122,16/05/2021,9:22,8
456,Rodge,Cutchey,rcutcheycn@over-blog.com,725-333-5517,26/07/2021,13:05,22
457,Walther,Futty,wfuttyco@examiner.com,679-438-8779,22/10/2020,18:41,24
458,Dulcy,McElree,dmcelreecp@flavors.me,922-556-9827,17/08/2021,15:24,22
459,Jacobo,Duchart,jduchartcq@cdbaby.com,312-490-1609,12/06/2021,9:02,19
460,Bebe,Petrovykh,bpetrovykhcr@google.de,849-927-7232,25/07/2021,6:26,13
461,Rhody,Paoloni,rpaolonics@wired.com,258-158-9879,19/12/2020,9:26,30
462,Cornall,Hardwich,chardwichct@booking.com,105-227-8465,03/05/2021,20:39,10
463,Bev,Costelloe,bcostelloecu@amazon.co.jp,202-482-6292,09/11/2020,18:25,11
464,Murry,Gurnee,mgurneecv@geocities.com,625-753-3254,17/12/2020,19:34,13
465,Mercy,Avann,mavanncw@creativecommons.org,676-654-3251,13/08/2021,8:27,23
466,Issi,Borthram,iborthramcx@blogs.com,967-857-6763,25/05/2021,8:02,12
467,Dasya,Ghirardi,dghirardicy@china.com.cn,526-488-6806,17/06/2021,15:47,19
468,Audrie,Hocking,ahockingcz@hud.gov,761-107-8578,07/11/2020,19:29,11
469,Zaria,Farnall,zfarnalld0@samsung.com,737-426-8138,19/06/2021,18:15,14
470,Marquita,Brun,mbrund1@tripod.com,376-854-8305,11/06/2021,2:32,23
471,Garreth,Bultitude,gbultituded2@newyorker.com,238-827-4276,29/12/2020,16:35,3
472,Caz,Ladell,cladelld3@toplist.cz,180-221-0875,27/09/2020,14:20,13
473,Tiff,Martschke,tmartschked4@hc360.com,916-935-9047,01/10/2020,8:15,25
474,Damon,Audibert,daudibertd5@virginia.edu,277-188-9888,08/08/2021,1:30,25
475,Dael,Doneld,ddoneldd6@cloudflare.com,852-838-2466,02/07/2021,17:04,3
476,Anna-diane,Hathway,ahathwayd7@pinterest.com,207-455-1455,22/06/2021,5:51,17
477,Jase,Guitel,jguiteld8@smugmug.com,100-711-9115,25/04/2021,17:23,3
478,Mycah,Tweedie,mtweedied9@csmonitor.com,435-647-8705,26/07/2021,1:21,9
479,Edik,Verry,everryda@usgs.gov,373-135-7076,24/08/2021,12:35,4
480,Lillis,MacIntosh,lmacintoshdb@ask.com,610-685-8127,21/02/2021,20:34,4
481,Tulley,Fortey,tforteydc@craigslist.org,796-570-6763,28/09/2020,3:46,16
482,Rich,McKeggie,rmckeggiedd@ibm.com,373-575-7902,11/11/2020,0:48,2
483,Ernest,McCullough,emcculloughde@tripod.com,195-699-1422,09/08/2021,0:07,2
484,Sapphire,Medendorp,smedendorpdf@myspace.com,619-283-1310,22/08/2021,5:37,2
485,Teddi,Espinho,tespinhodg@geocities.jp,306-550-8140,06/12/2020,10:47,4
486,Tallulah,Lightbourne,tlightbournedh@statcounter.com,593-252-2883,02/03/2021,13:44,23
487,Torin,Kermott,tkermottdi@ted.com,720-749-9848,24/07/2021,20:11,20
488,Aleece,Frapwell,afrapwelldj@ning.com,749-880-0572,11/04/2021,2:28,27
489,Ame,Skyner,askynerdk@icio.us,254-298-8364,04/07/2021,3:58,1
490,Sharlene,Badsworth,sbadsworthdl@blogtalkradio.com,434-521-6114,10/05/2021,17:01,2
491,Cherilyn,Spencelayh,cspencelayhdm@blogtalkradio.com,532-343-0344,02/11/2020,9:33,5
492,Thain,Heugel,theugeldn@webmd.com,787-636-9425,10/08/2021,19:04,11
493,Zacharie,Cornewall,zcornewalldo@usnews.com,213-271-3203,26/01/2021,4:57,10
494,Noby,Champkin,nchampkindp@usda.gov,533-489-9453,14/03/2021,17:45,5
495,Freddi,Mayes,fmayesdq@msn.com,436-112-0290,28/06/2021,3:53,11
496,Alex,Fittall,afittalldr@bravesites.com,668-735-7562,15/07/2021,9:22,28
497,Junie,Cull,jcullds@squidoo.com,464-677-5313,22/06/2021,20:29,12
498,Ahmad,Davet,adavetdt@nsw.gov.au,981-232-4853,23/01/2021,22:24,11
499,Erastus,Cheney,echeneydu@mac.com,747-107-2521,05/07/2021,7:16,2
500,Quincey,Wolstencroft,qwolstencroftdv@behance.net,908-466-1083,19/11/2020,14:06,8
501,Abramo,Hubert,ahubertdw@ucsd.edu,755-808-1767,27/01/2021,21:50,24
502,Danette,Makinson,dmakinsondx@toplist.cz,361-112-2643,13/05/2021,1:01,16
503,Pearline,Flores,pfloresdy@guardian.co.uk,334-709-7474,28/07/2021,5:03,11
504,Wilmer,Grindlay,wgrindlaydz@fda.gov,971-669-2260,08/06/2021,17:02,23
505,Augusto,Bottomore,abottomoree0@marketwatch.com,397-613-9337,30/09/2020,3:37,25
506,Jen,Helgass,jhelgasse1@webeden.co.uk,214-658-7094,23/07/2021,23:24,21
507,Arlena,Gudeman,agudemane2@ed.gov,967-396-5247,05/07/2021,23:33,5
508,Elna,West-Frimley,ewestfrimleye3@yahoo.com,240-536-1276,30/07/2021,11:58,10
509,Moe,Ferraraccio,mferraraccioe4@360.cn,442-511-7559,06/11/2020,2:12,25
510,Lev,Rubinowicz,lrubinowicze5@guardian.co.uk,972-107-5627,18/09/2020,13:38,1
511,Roseline,Duckham,rduckhame6@icio.us,365-312-5220,10/05/2021,13:17,23
512,Lemmy,Tunnicliff,ltunnicliffe7@digg.com,140-951-5109,26/05/2021,12:53,2
513,Olag,Boot,oboote8@chronoengine.com,430-522-5029,04/07/2021,19:49,8
514,Shelly,Emons,semonse9@qq.com,574-258-4569,08/09/2020,16:42,8
515,Darnell,Sidnall,dsidnallea@noaa.gov,529-800-8601,11/04/2021,9:51,10
516,Daniela,Cheyne,dcheyneeb@gizmodo.com,605-492-4225,03/08/2021,1:48,14
517,Wyatan,Egleton,wegletonec@va.gov,176-665-6861,09/04/2021,1:48,20
518,Aurore,Smallpiece,asmallpieceed@ebay.co.uk,286-706-1222,26/03/2021,21:51,12
519,Vaughan,Tinton,vtintonee@nytimes.com,710-347-5349,24/10/2020,13:52,19
520,Cherish,Sabbin,csabbinef@smh.com.au,662-458-6516,11/10/2020,2:45,18
521,Georas,Brewitt,gbrewitteg@hexun.com,872-702-6094,15/06/2021,13:17,3
522,Shawn,Artinstall,sartinstalleh@ustream.tv,113-356-2155,09/12/2020,20:59,18
523,Brien,Bril,bbrilei@symantec.com,243-599-3921,27/01/2021,4:16,5
524,Devlen,Scalia,dscaliaej@canalblog.com,404-945-6123,01/04/2021,6:39,21
525,Jorry,Demcak,jdemcakek@flickr.com,392-270-0914,11/02/2021,1:04,3
526,Ines,Britnell,ibritnellel@flavors.me,574-198-7884,28/03/2021,11:43,21
527,Mitchael,Thraves,mthravesem@freewebs.com,882-397-8633,17/02/2021,10:57,24
528,Matilde,Matteoni,mmatteonien@bravesites.com,689-120-6947,22/08/2021,8:37,21
529,Calv,Dell'Abbate,cdellabbateeo@biglobe.ne.jp,886-214-3727,30/03/2021,11:29,29
530,Stevie,Strettle,sstrettleep@wired.com,613-985-7612,18/08/2021,14:14,24
531,Theodora,Pottle,tpottleeq@google.com.br,341-599-2422,04/05/2021,17:39,7
532,Jasmina,Langthorne,jlangthorneer@who.int,345-209-5477,24/04/2021,5:46,15
533,Libbie,Ealam,lealames@vkontakte.ru,765-780-5749,28/05/2021,11:17,4
534,Sam,Sweetland,ssweetlandet@amazon.de,647-415-1510,12/04/2021,2:47,22
535,Bryna,Thornthwaite,bthornthwaiteeu@examiner.com,256-996-6446,28/12/2020,16:00,25
536,Denni,Moralis,dmoralisev@zimbio.com,722-348-0587,25/06/2021,8:53,29
537,Morena,Hoovart,mhoovartew@ebay.co.uk,307-982-7430,27/11/2020,19:55,20
538,Enos,Hupka,ehupkaex@de.vu,659-836-9528,16/02/2021,16:40,29
539,Frayda,Allchorne,fallchorneey@shinystat.com,788-947-2046,26/09/2020,23:35,2
540,Zane,Ventris,zventrisez@arstechnica.com,973-552-8089,02/12/2020,9:04,13
541,Antone,Bugge,abuggef0@w3.org,428-739-0705,13/02/2021,3:21,12
542,Sigrid,Sinkin,ssinkinf1@boston.com,528-894-3572,06/04/2021,17:18,29
543,Jillana,Casaletto,jcasalettof2@aboutads.info,353-255-5784,26/09/2020,23:07,26
544,Alis,Bullen,abullenf3@yahoo.co.jp,935-876-7089,14/01/2021,22:58,15
545,Helli,Habbergham,hhabberghamf4@youku.com,580-674-4649,14/12/2020,16:15,11
546,Daniel,Chicco,dchiccof5@seesaa.net,527-365-8677,22/11/2020,3:43,2
547,Tuckie,Rous,trousf6@tinyurl.com,424-563-2023,07/12/2020,21:01,2
548,Doralin,Winspare,dwinsparef7@gnu.org,207-602-6949,11/06/2021,1:47,14
549,Fan,Stait,fstaitf8@elpais.com,840-265-4987,21/07/2021,9:26,8
550,Doti,Scotchbourouge,dscotchbourougef9@sbwire.com,459-283-9974,17/06/2021,22:24,14
551,Vania,Maryon,vmaryonfa@edublogs.org,475-678-1539,06/12/2020,8:34,23
552,Oren,De Carolis,odecarolisfb@unblog.fr,368-419-5587,25/06/2021,4:01,27
553,Honoria,Mawman,hmawmanfc@ifeng.com,331-881-6344,29/01/2021,10:17,12
554,Vallie,Bardell,vbardellfd@google.com.br,904-972-6109,20/05/2021,6:24,1
555,Bradly,Freeburn,bfreeburnfe@twitter.com,551-272-0532,11/05/2021,1:25,23
556,Piotr,Hammel,phammelff@tamu.edu,119-456-9140,12/05/2021,0:03,30
557,Sterne,MacNeilage,smacneilagefg@army.mil,252-623-6532,22/06/2021,22:21,6
558,Florella,Whitelock,fwhitelockfh@w3.org,674-192-1077,04/08/2021,0:01,28
559,Ibbie,Newitt,inewittfi@reddit.com,983-393-8371,08/08/2021,19:44,28
560,Jeniffer,Caldecourt,jcaldecourtfj@pagesperso-orange.fr,586-793-0486,15/02/2021,4:06,21
561,Linnet,Hestrop,lhestropfk@exblog.jp,576-100-3930,16/02/2021,12:10,15
562,Ileana,Charnley,icharnleyfl@wp.com,498-377-8814,12/07/2021,4:33,9
563,Agata,Gounod,agounodfm@goo.gl,951-303-8878,31/08/2021,9:49,28
564,Obidiah,Trass,otrassfn@sciencedirect.com,864-997-1312,26/09/2020,16:23,22
565,Anallise,Rignall,arignallfo@who.int,708-290-8716,24/05/2021,15:51,14
566,Erinn,Breeze,ebreezefp@cnn.com,915-125-7367,21/12/2020,17:35,29
567,Donalt,Crawshaw,dcrawshawfq@desdev.cn,850-476-4631,01/10/2020,21:27,12
568,Shandra,Bertie,sbertiefr@oakley.com,383-428-4757,05/08/2021,14:37,6
569,Marya,MacCaffery,mmaccafferyfs@github.io,538-866-6001,16/02/2021,9:32,25
570,Idalina,Surgeon,isurgeonft@usnews.com,464-892-8207,12/04/2021,22:45,2
571,Alden,Poulson,apoulsonfu@auda.org.au,140-581-4375,21/08/2021,22:52,22
572,Joya,Nozzolinii,jnozzoliniifv@sina.com.cn,279-995-8671,19/11/2020,5:45,28
573,Carmelina,Rawsen,crawsenfw@arizona.edu,630-610-9937,15/10/2020,7:03,5
574,Betsey,Aucourte,baucourtefx@soup.io,638-364-1113,20/05/2021,12:27,20
575,Gratia,Echalie,gechaliefy@digg.com,885-187-4419,04/11/2020,1:35,7
576,Raphaela,Marzello,rmarzellofz@tripod.com,936-839-4380,12/04/2021,4:55,11
577,Ola,Charrisson,ocharrissong0@vimeo.com,863-128-1793,28/05/2021,5:31,3
578,Kristina,Preator,kpreatorg1@cloudflare.com,180-917-7071,11/08/2021,12:55,9
579,Valentine,MattiCCI,vmatticcig2@zimbio.com,763-643-9798,01/05/2021,1:14,13
580,Anny,Treleaven,atreleaveng3@lulu.com,308-825-0311,08/10/2020,8:32,9
581,Armin,Sebborn,asebborng4@discovery.com,773-507-0843,08/07/2021,6:43,11
582,Bobine,Pantecost,bpantecostg5@jigsy.com,993-675-1059,11/03/2021,9:54,9
583,Sarena,Chittie,schittieg6@de.vu,879-608-9635,15/08/2021,11:43,4
584,Ramsay,Rizzo,rrizzog7@phpbb.com,812-818-0730,21/12/2020,4:53,23
585,Ricard,Bowhey,rbowheyg8@berkeley.edu,728-754-0350,10/06/2021,21:11,14
586,Talya,Beckers,tbeckersg9@businessweek.com,221-985-7037,30/04/2021,17:47,16
587,Papagena,Leake,pleakega@toplist.cz,562-602-8592,15/01/2021,16:47,11
588,Stewart,Rushmere,srushmeregb@wikia.com,875-417-3147,24/09/2020,9:15,3
589,Levi,Bernardotti,lbernardottigc@loc.gov,451-789-2456,30/03/2021,4:58,23
590,Nona,Chater,nchatergd@hp.com,531-992-5136,13/11/2020,17:18,11
591,Carline,Drummond,cdrummondge@bloomberg.com,439-847-1805,01/07/2021,23:26,9
592,Nolan,Glading,ngladinggf@abc.net.au,124-821-2768,06/02/2021,22:58,15
593,Denyse,Philipard,dphilipardgg@usnews.com,647-564-4662,08/07/2021,11:24,3
594,Nigel,Oels,noelsgh@hud.gov,505-715-3032,25/07/2021,2:45,1
595,Damiano,Stocky,dstockygi@behance.net,256-979-3162,05/09/2021,17:00,24
596,Bobine,Garretson,bgarretsongj@indiegogo.com,869-920-2987,15/07/2021,17:32,20
597,Marilyn,Daykin,mdaykingk@noaa.gov,895-126-9517,11/05/2021,4:21,10
598,Erika,Churches,echurchesgl@tinyurl.com,766-746-9204,16/06/2021,1:01,5
599,Katey,Moses,kmosesgm@surveymonkey.com,401-205-8780,08/05/2021,4:44,6
600,Deni,Mathew,dmathewgn@facebook.com,887-808-3386,04/02/2021,16:49,22
601,Clay,Ferrini,cferrinigo@google.de,592-971-3805,31/07/2021,3:06,19
602,Pegeen,Sprague,pspraguegp@nih.gov,629-786-7573,08/12/2020,7:37,29
603,Sisely,Vasyanin,svasyaningq@si.edu,358-241-6152,15/07/2021,8:46,23
604,Hershel,Cossons,hcossonsgr@reverbnation.com,116-113-6971,12/06/2021,2:18,13
605,Dexter,Adair,dadairgs@sina.com.cn,554-463-9243,06/06/2021,21:13,13
606,Camilla,Paff,cpaffgt@bing.com,361-327-1264,31/03/2021,4:49,4
607,Bennie,Chopin,bchopingu@columbia.edu,824-137-9102,19/03/2021,4:37,19
608,Saundra,Vasilevich,svasilevichgv@mail.ru,345-112-3945,17/07/2021,1:31,1
609,Star,Bengtsen,sbengtsengw@weather.com,642-642-4002,30/10/2020,20:23,16
610,Tommi,Hirtz,thirtzgx@ucoz.ru,478-888-2826,15/12/2020,1:53,3
611,Bunny,Kilban,bkilbangy@npr.org,281-527-6850,06/06/2021,9:32,15
612,Barb,Handford,bhandfordgz@chicagotribune.com,371-692-6816,25/06/2021,22:54,9
613,Scott,Jovanovic,sjovanovich0@51.la,975-374-9515,13/09/2020,3:38,29
614,Benedetta,Toy,btoyh1@toplist.cz,434-932-0498,26/11/2020,8:24,5
615,Eleanor,Fasey,efaseyh2@ow.ly,932-870-8457,20/11/2020,21:27,10
616,Kamillah,Lapley,klapleyh3@npr.org,185-235-7672,23/07/2021,12:15,26
617,Hendrik,Gomm,hgommh4@goo.gl,637-880-4552,01/11/2020,21:22,1
618,Ewart,Metcalf,emetcalfh5@businessinsider.com,760-301-9510,17/09/2020,10:38,12
619,Rayna,Bruckmann,rbruckmannh6@github.io,686-622-8092,27/06/2021,21:47,29
620,Wini,Shiell,wshiellh7@spiegel.de,298-185-9228,19/09/2020,17:02,26
621,Samuele,Ketchell,sketchellh8@upenn.edu,817-747-9636,24/06/2021,3:18,22
622,Lydia,Eldritt,leldritth9@reddit.com,268-872-2005,07/07/2021,9:38,10
623,Humfrey,Menico,hmenicoha@dailymotion.com,941-235-4067,08/03/2021,20:17,8
624,Gerianna,Shilling,gshillinghb@google.co.uk,516-294-7025,25/02/2021,9:45,6
625,Giordano,Yarranton,gyarrantonhc@feedburner.com,623-224-6727,02/02/2021,14:27,29
626,Rafaellle,Macura,rmacurahd@disqus.com,957-223-3737,19/04/2021,7:48,10
627,Jude,MacConchie,jmacconchiehe@businesswire.com,317-723-6995,11/03/2021,0:08,30
628,Barb,McFadzean,bmcfadzeanhf@multiply.com,875-551-6396,21/05/2021,22:55,14
629,Simeon,Gilson,sgilsonhg@bravesites.com,371-329-8616,16/05/2021,2:36,1
630,Theresina,Hazeley,thazeleyhh@miibeian.gov.cn,269-731-7967,30/03/2021,3:19,18
631,Richmound,Errett,rerretthi@i2i.jp,786-950-7798,09/08/2021,3:45,11
632,Lane,Kinahan,lkinahanhj@dedecms.com,276-519-2586,31/12/2020,19:41,19
633,Court,Exroll,cexrollhk@tuttocitta.it,984-790-0209,25/10/2020,7:40,22
634,Vyky,Martinyuk,vmartinyukhl@shop-pro.jp,973-181-4716,30/09/2020,12:58,3
635,Billy,Chattoe,bchattoehm@simplemachines.org,341-127-3047,20/01/2021,8:50,27
636,Myrna,Glanfield,mglanfieldhn@odnoklassniki.ru,314-494-9109,14/02/2021,5:46,16
637,Franny,Whitman,fwhitmanho@unblog.fr,763-877-2764,08/03/2021,5:03,27
638,Minor,Rainbow,mrainbowhp@gov.uk,333-667-9950,15/07/2021,6:07,9
639,Rory,Gebbe,rgebbehq@skype.com,949-437-2861,29/05/2021,23:15,3
640,Courtnay,Doherty,cdohertyhr@va.gov,564-659-2649,27/07/2021,23:42,20
641,Tallulah,Creamen,tcreamenhs@reddit.com,624-168-6783,30/05/2021,21:24,21
642,Deane,Awcoate,dawcoateht@state.tx.us,247-131-9682,04/03/2021,11:57,15
643,Bail,Rangeley,brangeleyhu@amazon.com,166-417-9807,18/09/2020,1:20,6
644,Malinde,Booth,mboothhv@bravesites.com,790-920-1273,22/06/2021,8:37,8
645,Fanchette,De Nisco,fdeniscohw@flickr.com,447-760-9818,22/07/2021,10:51,26
646,Moreen,Manoch,mmanochhx@51.la,901-860-7314,23/10/2020,5:39,11
647,Doralynn,Sexon,dsexonhy@rediff.com,299-336-8053,27/06/2021,15:45,16
648,Paulie,Pilsworth,ppilsworthhz@facebook.com,705-416-2752,08/04/2021,4:44,27
649,Haleigh,Merrigan,hmerrigani0@netscape.com,916-743-5565,02/09/2021,1:32,6
650,Jacqui,Carrick,jcarricki1@timesonline.co.uk,549-729-8044,23/08/2021,4:56,26
651,Marjory,Clotworthy,mclotworthyi2@amazon.co.jp,439-302-6000,19/07/2021,22:05,30
652,Justin,Poad,jpoadi3@home.pl,431-886-2695,17/10/2020,22:06,19
653,Audy,Clausewitz,aclausewitzi4@ox.ac.uk,720-714-0121,21/11/2020,11:19,9
654,Zea,Fanthom,zfanthomi5@constantcontact.com,743-749-9097,01/08/2021,21:24,2
655,Raquel,Camellini,rcamellinii6@mapquest.com,860-473-2240,10/06/2021,21:58,9
656,Iain,Morilla,imorillai7@umn.edu,400-720-5981,04/08/2021,4:43,7
657,Sydel,Scotney,sscotneyi8@oakley.com,119-508-0559,20/03/2021,7:43,25
658,Alfie,Lillico,alillicoi9@who.int,637-603-1278,14/10/2020,20:23,19
659,Arlan,Curme,acurmeia@dailymotion.com,150-328-0937,07/01/2021,2:45,1
660,Matty,Motten,mmottenib@admin.ch,579-372-2772,01/09/2021,17:57,12
661,Carmon,Doerffer,cdoerfferic@yolasite.com,716-487-0785,15/07/2021,1:55,28
662,Kenneth,Winterbottom,kwinterbottomid@economist.com,899-828-0006,08/10/2020,4:23,8
663,Gill,MacGauhy,gmacgauhyie@google.ca,667-425-3498,16/11/2020,7:06,1
664,Billy,Sicily,bsicilyif@wikispaces.com,389-580-6398,02/04/2021,2:05,26
665,Archaimbaud,Patise,apatiseig@redcross.org,554-548-9536,05/12/2020,19:42,6
666,Albert,Goodburn,agoodburnih@apache.org,421-234-5829,01/06/2021,11:55,19
667,Anastasia,Humbatch,ahumbatchii@miitbeian.gov.cn,717-276-5112,14/03/2021,17:35,8
668,Dorey,Biasini,dbiasiniij@epa.gov,248-771-3186,09/09/2020,18:36,5
669,Mag,Creane,mcreaneik@usda.gov,737-889-8998,15/08/2021,18:35,5
670,Bari,Self,bselfil@ihg.com,719-310-8729,28/04/2021,11:32,16
671,Byrom,Coatsworth,bcoatsworthim@seesaa.net,522-158-1515,26/06/2021,10:20,10
672,Carrissa,Mehmet,cmehmetin@huffingtonpost.com,431-667-1900,31/08/2021,7:05,7
673,Chrysa,Momery,cmomeryio@surveymonkey.com,712-264-8861,15/04/2021,2:33,1
674,Edmund,Feldman,efeldmanip@intel.com,243-210-5768,15/01/2021,22:55,20
675,Nicholle,Tringham,ntringhamiq@mac.com,889-362-8653,18/04/2021,2:04,30
676,Gavan,Maha,gmahair@linkedin.com,998-381-5745,25/01/2021,12:06,23
677,Vernice,McKew,vmckewis@symantec.com,673-425-4488,26/01/2021,22:42,18
678,Damaris,Matthieson,dmatthiesonit@latimes.com,598-211-0631,17/04/2021,8:38,16
679,Kassandra,Dedam,kdedamiu@fastcompany.com,216-140-5673,23/09/2020,0:43,23
680,Ian,Weymont,iweymontiv@mediafire.com,544-429-9360,19/01/2021,11:55,15
681,Neil,Gumery,ngumeryiw@hatena.ne.jp,128-858-4911,07/12/2020,5:47,14
682,Gregorius,Bowes,gbowesix@newyorker.com,548-552-7045,11/06/2021,17:09,26
683,Alameda,Boyda,aboydaiy@blogs.com,455-884-4533,03/08/2021,15:21,11
684,Alysia,Merali,ameraliiz@parallels.com,763-222-8533,09/03/2021,21:55,19
685,Ruggiero,Boshard,rboshardj0@freewebs.com,120-534-5705,28/08/2021,0:44,30
686,Sig,Wordley,swordleyj1@shop-pro.jp,825-791-0475,28/01/2021,14:39,18
687,Corbie,Woolgar,cwoolgarj2@last.fm,282-821-4852,10/07/2021,4:21,2
688,Valdemar,Levermore,vlevermorej3@furl.net,546-545-4565,22/07/2021,5:19,11
689,Garwin,Earl,gearlj4@wikipedia.org,150-241-3101,30/12/2020,23:14,5
690,Aksel,Maggill'Andreis,amaggillandreisj5@studiopress.com,848-859-6342,27/06/2021,16:58,30
691,Lenka,Sheaber,lsheaberj6@vk.com,942-630-3901,06/09/2021,7:29,1
692,Gualterio,Dobbin,gdobbinj7@opera.com,881-100-9081,07/06/2021,2:42,23
693,Oliy,Ricciardi,oricciardij8@home.pl,522-613-8425,01/04/2021,4:40,6
694,Massimo,Jozef,mjozefj9@photobucket.com,856-597-5009,16/08/2021,1:16,19
695,Griswold,Gisbourn,ggisbournja@phoca.cz,136-713-6466,28/12/2020,4:49,4
696,Kamilah,Tinto,ktintojb@latimes.com,393-646-2967,30/05/2021,14:41,29
697,Doralin,Comerford,dcomerfordjc@sun.com,359-158-2489,13/11/2020,6:55,15
698,Sibyl,Gretton,sgrettonjd@sina.com.cn,808-236-2266,02/11/2020,7:34,16
699,Madelle,Glassford,mglassfordje@shutterfly.com,692-333-7344,03/07/2021,10:58,25
700,Northrup,Wincom,nwincomjf@topsy.com,515-881-5766,25/02/2021,2:34,10
701,Robinetta,Aire,rairejg@stumbleupon.com,566-151-4195,15/11/2020,10:02,26
702,Nicolle,Manford,nmanfordjh@nps.gov,612-931-7398,15/10/2020,2:04,4
703,Jewell,Langton,jlangtonji@hhs.gov,528-396-1419,25/04/2021,17:55,22
704,Adoree,Vonderdell,avonderdelljj@ebay.com,105-783-2587,21/07/2021,4:51,28
705,Nari,Tamblyn,ntamblynjk@smugmug.com,217-296-4556,28/04/2021,13:28,21
706,Lib,Bloxam,lbloxamjl@ucsd.edu,664-818-0533,11/01/2021,14:22,25
707,Rafaelia,Notton,rnottonjm@blogs.com,950-488-9007,09/12/2020,22:41,13
708,Gibby,Tunnoch,gtunnochjn@elpais.com,860-315-0277,15/12/2020,19:54,5
709,Marlena,Dudding,mduddingjo@samsung.com,202-935-1840,12/03/2021,16:33,30
710,Park,Maryman,pmarymanjp@rakuten.co.jp,399-391-0035,17/03/2021,5:26,26
711,Moina,Gillson,mgillsonjq@cocolog-nifty.com,286-147-1594,12/07/2021,3:52,28
712,Yoshi,Milby,ymilbyjr@wikimedia.org,944-673-2358,17/05/2021,20:14,5
713,Frederik,Hawe,fhawejs@networksolutions.com,745-659-5457,31/10/2020,12:47,23
714,Heinrik,Flecknell,hflecknelljt@shinystat.com,566-788-0452,17/05/2021,6:53,28
715,Janine,Vasilyev,jvasilyevju@tinypic.com,625-340-8486,30/07/2021,13:58,29
716,Nahum,Opfer,nopferjv@163.com,742-663-0672,01/11/2020,9:04,26
717,Kyla,Ciardo,kciardojw@vkontakte.ru,346-809-0870,01/07/2021,20:19,17
718,Glori,Casina,gcasinajx@archive.org,107-639-5769,08/01/2021,14:39,20
719,Adolphe,Grcic,agrcicjy@baidu.com,921-676-4924,14/06/2021,5:15,29
720,Sarge,Cornick,scornickjz@google.de,352-910-1161,14/10/2020,16:25,9
721,Milo,Alforde,malfordek0@issuu.com,878-679-7456,11/02/2021,22:06,27
722,Magda,Wilsone,mwilsonek1@behance.net,900-214-2499,13/10/2020,23:25,26
723,Koressa,Farrand,kfarrandk2@newyorker.com,624-852-4735,23/10/2020,8:50,7
724,Jessica,Astlett,jastlettk3@digg.com,325-983-5490,29/12/2020,9:50,5
725,Kendre,Heenan,kheenank4@blogspot.com,779-240-9803,15/08/2021,19:22,27
726,Claribel,Linturn,clinturnk5@java.com,901-979-3149,22/08/2021,14:17,23
727,Rhea,Boast,rboastk6@yahoo.co.jp,716-266-7717,01/09/2021,5:24,8
728,Berkly,Haug,bhaugk7@hao123.com,813-991-7302,25/06/2021,10:00,3
729,Cart,Bonus,cbonusk8@youtu.be,367-682-9845,17/10/2020,12:23,24
730,Colman,McGuirk,cmcguirkk9@blogs.com,417-799-8281,11/07/2021,11:56,7
731,Gamaliel,Somerbell,gsomerbellka@bbb.org,494-352-1493,09/07/2021,16:59,29
732,Evie,Branney,ebranneykb@xinhuanet.com,209-968-1789,07/08/2021,12:10,16
733,Dita,Gammidge,dgammidgekc@eventbrite.com,697-827-7051,24/02/2021,2:23,10
734,Adair,Bartrop,abartropkd@cdbaby.com,751-903-4777,26/07/2021,18:12,8
735,Grant,Swallow,gswallowke@surveymonkey.com,318-483-8957,18/10/2020,0:03,6
736,Molli,Hadeke,mhadekekf@mlb.com,277-341-4887,07/09/2021,15:30,19
737,Faina,Cancutt,fcancuttkg@google.nl,794-952-7354,04/01/2021,10:15,18
738,Melonie,Scafe,mscafekh@samsung.com,265-778-6082,25/09/2020,20:55,1
739,Darnell,Scones,dsconeski@squarespace.com,350-968-7121,06/10/2020,4:44,20
740,Karee,Todarello,ktodarellokj@bloglovin.com,257-613-4413,19/09/2020,21:37,3
741,Gussi,Fernanando,gfernanandokk@godaddy.com,588-224-7163,11/04/2021,3:06,12
742,Daryle,Pays,dpayskl@dailymail.co.uk,662-957-8487,29/12/2020,8:32,14
743,Rudd,Allans,rallanskm@wikipedia.org,972-603-5762,18/10/2020,10:16,26
744,Clerkclaude,Keaveny,ckeavenykn@google.com.br,267-620-4385,31/08/2021,9:37,10
745,Gaston,Sprankling,gspranklingko@typepad.com,465-751-2511,16/07/2021,8:33,21
746,Kally,Kleynen,kkleynenkp@ning.com,646-375-2047,02/08/2021,14:31,16
747,Sansone,Pilbury,spilburykq@example.com,219-176-2441,10/08/2021,19:02,6
748,Cecelia,Bradnick,cbradnickkr@youtu.be,818-448-9307,08/01/2021,9:37,26
749,Olag,Antuoni,oantuoniks@shinystat.com,752-539-7683,27/11/2020,2:54,8
750,Elwyn,Morey,emoreykt@squidoo.com,914-137-6665,04/05/2021,22:14,1
751,Sonya,Gayler,sgaylerku@kickstarter.com,225-875-4487,05/09/2021,11:34,13
752,Ansell,Kubes,akubeskv@canalblog.com,754-743-0497,01/02/2021,8:05,18
753,Chiquia,Ivashnyov,civashnyovkw@forbes.com,872-185-2301,25/10/2020,6:14,6
754,Ermin,Sharpling,esharplingkx@booking.com,309-718-3739,13/05/2021,5:38,8
755,Elisha,Huntly,ehuntlyky@umn.edu,641-294-7612,07/05/2021,3:26,22
756,Dare,Mitchard,dmitchardkz@pcworld.com,859-907-1146,22/02/2021,15:14,3
757,Blakeley,Dumbrall,bdumbralll0@oracle.com,915-134-9220,27/04/2021,12:58,9
758,Trix,Catton,tcattonl1@sourceforge.net,848-159-1016,16/02/2021,4:35,26
759,Tremain,Pheasey,tpheaseyl2@creativecommons.org,309-129-0182,14/06/2021,4:45,25
760,Griz,Brittan,gbrittanl3@slate.com,862-126-3517,17/07/2021,17:30,28
761,Flora,Creaney,fcreaneyl4@soup.io,275-280-4683,28/12/2020,5:47,22
762,Auroora,Colbertson,acolbertsonl5@eventbrite.com,637-266-7139,18/09/2020,22:13,14
763,Boniface,Beacroft,bbeacroftl6@youtube.com,415-551-0093,22/08/2021,0:57,12
764,Donny,Aitchison,daitchisonl7@baidu.com,746-513-9621,19/06/2021,15:53,13
765,Ariella,Cardo,acardol8@upenn.edu,437-466-3127,17/11/2020,9:33,11
766,Liliane,Bathowe,lbathowel9@de.vu,826-779-2671,22/06/2021,1:41,16
767,Elnore,Sharpless,esharplessla@facebook.com,102-635-8975,22/05/2021,20:52,21
768,Martelle,Lockless,mlocklesslb@surveymonkey.com,225-389-0523,27/02/2021,3:23,20
769,Derrek,Misson,dmissonlc@infoseek.co.jp,315-662-5432,11/08/2021,9:59,6
770,Emeline,Amberg,eambergld@google.de,183-840-5553,13/09/2020,13:05,27
771,Russell,Inglesent,ringlesentle@so-net.ne.jp,528-218-2825,27/01/2021,10:41,29
772,Deirdre,Frentz,dfrentzlf@devhub.com,598-288-2830,15/08/2021,22:54,21
773,Merrilee,Ackwood,mackwoodlg@cyberchimps.com,955-714-7506,25/11/2020,16:37,22
774,Vivian,Mannering,vmanneringlh@nsw.gov.au,518-870-1715,10/08/2021,14:20,13
775,Julius,Mosdill,jmosdillli@usatoday.com,594-723-0534,02/09/2021,6:55,19
776,Hugibert,Lokier,hlokierlj@reverbnation.com,122-615-4558,29/09/2020,22:54,9
777,Anneliese,Buckbee,abuckbeelk@bizjournals.com,331-700-8263,08/06/2021,4:19,14
778,Wenona,Rosettini,wrosettinill@auda.org.au,188-384-2534,23/11/2020,0:58,11
779,Micki,Byng,mbynglm@ihg.com,264-820-0967,11/02/2021,16:10,12
780,Crichton,Godfery,cgodferyln@house.gov,558-470-9159,16/03/2021,5:13,10
781,Sile,Wolfarth,swolfarthlo@php.net,631-190-2601,27/04/2021,23:34,10
782,Mirelle,Willcocks,mwillcockslp@boston.com,503-898-0636,07/09/2021,20:07,25
783,Deborah,Hulstrom,dhulstromlq@earthlink.net,337-839-3145,11/12/2020,10:59,5
784,Sella,Rosindill,srosindilllr@bbb.org,540-381-7437,16/10/2020,10:54,30
785,Gayelord,Statersfield,gstatersfieldls@nature.com,869-928-2363,26/12/2020,19:59,16
786,Marys,Pegler,mpeglerlt@businessweek.com,682-273-6363,30/03/2021,11:02,23
787,Suzi,Prujean,sprujeanlu@meetup.com,192-825-8618,27/01/2021,23:42,4
788,Livvyy,Vinden,lvindenlv@fc2.com,270-655-5688,22/03/2021,9:07,12
789,Gifford,Earengey,gearengeylw@simplemachines.org,917-598-9401,19/01/2021,20:31,26
790,Bill,Laugherane,blaugheranelx@miitbeian.gov.cn,196-869-5955,06/10/2020,0:08,25
791,Nerte,Igonet,nigonetly@so-net.ne.jp,683-664-0684,17/07/2021,7:22,19
792,Nappy,Bunhill,nbunhilllz@skype.com,209-279-9307,11/08/2021,14:26,16
793,Maren,McLucas,mmclucasm0@163.com,237-318-0755,28/10/2020,7:19,24
794,Benn,Ulster,bulsterm1@wunderground.com,570-249-2930,21/06/2021,19:28,16
795,Phil,Bartram,pbartramm2@foxnews.com,687-694-9597,06/08/2021,6:19,28
796,Jeromy,Peagrim,jpeagrimm3@ow.ly,688-893-7417,19/02/2021,20:50,1
797,Ahmed,Pragnall,apragnallm4@yelp.com,541-974-4751,03/05/2021,11:44,30
798,Meryl,Lovejoy,mlovejoym5@cnbc.com,377-956-8436,26/10/2020,19:32,2
799,Charissa,Stanners,cstannersm6@geocities.com,601-959-9213,22/08/2021,3:18,21
800,Grata,Heinzel,gheinzelm7@1und1.de,147-497-4547,08/05/2021,0:59,17
801,Forester,Beswick,fbeswickm8@gravatar.com,639-229-5597,03/11/2020,23:14,25
802,Hermon,Doyley,hdoyleym9@bandcamp.com,216-996-2091,09/11/2020,14:55,7
803,Arturo,Beaconsall,abeaconsallma@bluehost.com,238-278-3947,24/07/2021,12:35,12
804,Inglebert,Secret,isecretmb@cbsnews.com,627-329-9129,02/10/2020,0:26,21
805,Carlie,Cogin,ccoginmc@over-blog.com,505-287-8990,23/07/2021,19:36,12
806,Britt,Trowell,btrowellmd@army.mil,240-913-3526,22/06/2021,11:59,13
807,Fulvia,Felgate,ffelgateme@yelp.com,429-902-6108,23/04/2021,8:40,1
808,Averil,Batchley,abatchleymf@clickbank.net,531-714-8751,30/03/2021,12:01,4
809,Saree,Flaune,sflaunemg@wordpress.com,213-250-7975,06/03/2021,2:22,14
810,Toma,Ludewig,tludewigmh@comcast.net,783-207-9722,26/02/2021,20:40,13
811,Blythe,Skilbeck,bskilbeckmi@google.it,715-437-4410,09/10/2020,11:15,18
812,Patrica,Yea,pyeamj@utexas.edu,875-404-0679,01/10/2020,10:20,18
813,Teresa,Dawe,tdawemk@is.gd,110-363-3182,02/09/2021,22:08,4
814,Garek,Keuntje,gkeuntjeml@toplist.cz,902-494-6472,15/02/2021,11:02,22
815,Johannah,Chaff,jchaffmm@discuz.net,505-729-2828,13/06/2021,2:50,30
816,Linda,Kondratowicz,lkondratowiczmn@nature.com,160-656-2376,10/03/2021,7:34,10
817,Gwyneth,Cristofor,gcristoformo@usda.gov,489-872-9024,25/07/2021,2:37,4
818,Kerk,Carrack,kcarrackmp@trellian.com,373-190-8772,02/10/2020,1:25,4
819,Bernie,Minett,bminettmq@mtv.com,985-699-6634,04/04/2021,16:10,8
820,Hi,Darracott,hdarracottmr@timesonline.co.uk,418-775-3246,01/02/2021,1:19,15
821,Babita,Maroney,bmaroneyms@ihg.com,531-702-9797,02/12/2020,14:27,25
822,Rog,Kemetz,rkemetzmt@umich.edu,711-752-6061,06/04/2021,8:52,12
823,Miner,Simla,msimlamu@eventbrite.com,437-338-1440,29/05/2021,3:05,23
824,Arv,Trunks,atrunksmv@ycombinator.com,222-616-1627,23/11/2020,1:11,1
825,Stillmann,Touhig,stouhigmw@studiopress.com,408-449-7276,24/08/2021,11:45,16
826,Linn,Grinham,lgrinhammx@meetup.com,630-148-9316,16/05/2021,12:20,7
827,Guillaume,Cooling,gcoolingmy@tuttocitta.it,760-257-7423,30/11/2020,17:47,30
828,Ernestus,Banister,ebanistermz@hao123.com,483-264-6379,11/07/2021,18:14,7
829,Sherwood,Bispo,sbispon0@google.co.jp,122-186-2585,20/11/2020,7:40,8
830,Elysha,Staterfield,estaterfieldn1@booking.com,952-126-1119,16/02/2021,23:25,8
831,Dreddy,McGettigan,dmcgettigann2@pcworld.com,391-817-9043,24/11/2020,3:54,1
832,Kacy,Tweed,ktweedn3@deliciousdays.com,555-144-8419,03/07/2021,21:32,12
833,Anna,Maypole,amaypolen4@drupal.org,359-849-8299,11/03/2021,17:17,13
834,Tiebout,Wontner,twontnern5@usda.gov,558-253-0811,26/01/2021,23:07,3
835,Maximilian,Foot,mfootn6@cbsnews.com,607-571-5887,25/12/2020,4:54,29
836,Madlin,Coverdale,mcoverdalen7@hexun.com,157-284-8967,09/06/2021,17:39,3
837,Augustina,Marmon,amarmonn8@pagesperso-orange.fr,806-193-9143,14/09/2020,20:36,26
838,Jewel,Averay,javerayn9@google.it,646-925-5996,01/11/2020,0:35,2
839,Dillon,Attack,dattackna@arstechnica.com,928-523-4740,23/04/2021,1:50,26
840,Donny,Headings,dheadingsnb@cornell.edu,982-389-0638,30/05/2021,19:24,8
841,Delores,Goldstraw,dgoldstrawnc@washington.edu,540-336-7904,05/07/2021,19:27,30
842,Kalinda,Whitchurch,kwhitchurchnd@mysql.com,369-779-0652,06/09/2021,21:21,12
843,Lyssa,Taplow,ltaplowne@360.cn,240-667-7124,14/06/2021,20:20,14
844,Arabelle,Powdrell,apowdrellnf@so-net.ne.jp,628-990-9973,06/02/2021,3:55,22
845,Mead,Attaway,mattawayng@aol.com,882-993-7003,18/10/2020,20:57,15
846,Cyb,Rummer,crummernh@upenn.edu,276-304-3015,15/08/2021,18:12,23
847,Betteanne,Vokes,bvokesni@merriam-webster.com,655-330-6542,21/04/2021,17:03,8
848,Claretta,Limpkin,climpkinnj@mysql.com,651-693-9356,12/06/2021,13:48,30
849,Tremayne,Kettlestringes,tkettlestringesnk@mapquest.com,964-282-2561,31/12/2020,13:07,18
850,Kori,Paynes,kpaynesnl@privacy.gov.au,561-689-6412,16/08/2021,8:26,15
851,Fredelia,Goldring,fgoldringnm@google.ru,845-791-6755,23/08/2021,8:29,27
852,Edythe,Penswick,epenswicknn@nhs.uk,116-344-8600,20/04/2021,16:07,6
853,Ebony,Hofler,ehoflerno@ibm.com,102-255-7623,24/11/2020,21:49,19
854,Kerr,Oloshin,koloshinnp@kickstarter.com,502-489-1489,29/05/2021,4:14,22
855,Catrina,Somerled,csomerlednq@youtu.be,199-236-8417,02/05/2021,18:11,10
856,Kelcey,Pleat,kpleatnr@gmpg.org,212-338-9032,15/06/2021,2:43,7
857,Nikolas,Luetkemeyers,nluetkemeyersns@storify.com,611-741-8374,07/11/2020,20:26,1
858,Julie,Bello,jbellont@lulu.com,105-917-1069,16/02/2021,5:21,21
859,Bonni,Pilsworth,bpilsworthnu@yolasite.com,855-522-3755,25/07/2021,16:51,4
860,Kym,McGrae,kmcgraenv@360.cn,771-194-2211,18/04/2021,20:46,20
861,Nicko,Fordham,nfordhamnw@trellian.com,762-770-4041,04/07/2021,9:10,6
862,Brant,Stockney,bstockneynx@gravatar.com,436-664-4962,30/07/2021,22:15,20
863,Mandie,Campany,mcampanyny@dailymail.co.uk,523-274-7781,23/02/2021,0:30,6
864,Jaquenette,Finlater,jfinlaternz@eepurl.com,518-906-0182,24/12/2020,0:12,28
865,Ethelyn,Buffin,ebuffino0@rakuten.co.jp,581-355-7759,25/08/2021,8:41,17
866,Sherwynd,Dillingston,sdillingstono1@who.int,825-239-7308,22/01/2021,15:58,24
867,Jim,Domengue,jdomengueo2@uiuc.edu,720-598-5314,25/11/2020,12:17,11
868,Hewitt,Maes,hmaeso3@ustream.tv,107-452-1654,26/01/2021,13:21,12
869,Rhodie,Mecchi,rmecchio4@cbsnews.com,601-223-9560,17/12/2020,17:59,5
870,Carmen,Daouze,cdaouzeo5@hugedomains.com,356-200-0259,01/05/2021,17:11,17
871,Henryetta,Daglish,hdaglisho6@miitbeian.gov.cn,424-807-3392,23/12/2020,19:19,3
872,Irwinn,Woolerton,iwoolertono7@pinterest.com,343-902-2555,23/10/2020,9:16,11
873,Krystal,Threader,kthreadero8@cyberchimps.com,921-707-7465,21/12/2020,8:05,4
874,Raeann,Decourt,rdecourto9@mac.com,683-957-3484,21/09/2020,11:48,10
875,Anders,Starmont,astarmontoa@liveinternet.ru,873-546-8879,02/10/2020,16:49,2
876,Reena,Murden,rmurdenob@ezinearticles.com,426-301-4304,26/02/2021,12:33,8
877,Dulcine,Cocksedge,dcocksedgeoc@sphinn.com,931-273-5611,16/04/2021,6:41,20
878,Alric,Helversen,ahelversenod@shop-pro.jp,316-998-0879,08/10/2020,0:55,22
879,Elita,Bente,ebenteoe@multiply.com,912-939-3542,27/01/2021,18:26,15
880,Beatriz,Knill,bknillof@hatena.ne.jp,911-212-5301,15/11/2020,19:26,18
881,Gordie,Miranda,gmirandaog@tumblr.com,773-469-1973,28/11/2020,6:52,16
882,Reinwald,Braemer,rbraemeroh@jalbum.net,270-953-7260,13/05/2021,7:56,29
883,Prue,Legerwood,plegerwoodoi@marriott.com,401-918-5984,27/07/2021,13:01,2
884,Kath,Illes,killesoj@icio.us,871-219-6323,18/06/2021,12:33,23
885,Glory,Rackam,grackamok@ameblo.jp,738-562-8695,05/11/2020,17:48,10
886,Beckie,Yellowley,byellowleyol@opera.com,562-470-3053,02/08/2021,14:36,20
887,Daveen,Garden,dgardenom@google.ca,200-173-6047,14/07/2021,5:26,11
888,Orlan,Cancellor,ocancelloron@privacy.gov.au,539-667-0071,02/11/2020,11:51,29
889,Selene,Wickliffe,swickliffeoo@edublogs.org,419-818-5663,02/02/2021,12:02,3
890,Skippy,Ullock,sullockop@google.ru,488-910-2202,09/03/2021,11:15,7
891,Upton,Huxley,uhuxleyoq@live.com,109-108-9272,30/06/2021,6:51,22
892,Chere,Benettolo,cbenettoloor@gnu.org,574-708-8214,31/10/2020,0:57,12
893,Juliette,Dumphrey,jdumphreyos@bbb.org,431-794-3500,11/04/2021,0:46,8
894,Kerstin,Deport,kdeportot@sitemeter.com,761-280-6400,04/02/2021,0:13,21
895,Gustav,McCullogh,gmcculloghou@pcworld.com,160-462-9748,26/02/2021,22:16,26
896,Max,Yorke,myorkeov@bravesites.com,613-254-9049,03/01/2021,12:21,2
897,Ariela,Janus,ajanusow@devhub.com,851-866-7120,08/09/2020,18:05,27
898,Jarad,Batecok,jbatecokox@example.com,521-943-7967,27/04/2021,2:47,12
899,Donni,Foad,dfoadoy@goo.ne.jp,316-269-1992,18/08/2021,20:19,17
900,Cyndia,Woodyeare,cwoodyeareoz@slideshare.net,489-552-4041,31/12/2020,1:45,21
901,Yehudi,Cabera,ycaberap0@sciencedirect.com,238-785-0684,22/06/2021,11:10,22
902,Corena,Flintoff,cflintoffp1@list-manage.com,712-509-5287,19/09/2020,16:01,21
903,Antoine,Dorn,adornp2@squarespace.com,888-431-0485,05/12/2020,23:25,26
904,Laurie,Trevor,ltrevorp3@ezinearticles.com,514-891-2850,06/04/2021,9:04,9
905,Marilee,Hanlon,mhanlonp4@behance.net,291-653-5750,13/01/2021,8:12,5
906,Michal,Kells,mkellsp5@acquirethisname.com,782-312-1714,19/06/2021,23:49,27
907,Shirline,Bolderson,sboldersonp6@google.com,416-150-8439,19/12/2020,7:52,17
908,Marie-ann,Whopples,mwhopplesp7@japanpost.jp,903-490-6232,01/11/2020,20:02,3
909,Myrtle,Verdy,mverdyp8@free.fr,392-345-0570,28/02/2021,1:08,24
910,Lorettalorna,Sarchwell,lsarchwellp9@va.gov,233-371-2414,25/03/2021,15:37,12
911,Killie,Coyne,kcoynepa@pbs.org,529-459-5276,27/07/2021,12:25,21
912,Erinn,Ropert,eropertpb@sbwire.com,923-700-9642,15/02/2021,20:39,4
913,Heda,Ruberti,hrubertipc@blogger.com,254-835-9691,29/12/2020,22:59,19
914,Kayne,Daveran,kdaveranpd@imdb.com,611-800-2770,14/04/2021,21:35,19
915,Harlene,Braam,hbraampe@github.com,918-266-5235,18/02/2021,21:58,18
916,Caleb,Derisly,cderislypf@hp.com,172-718-2139,16/08/2021,14:53,27
917,Merwin,Scrane,mscranepg@foxnews.com,322-459-3865,12/09/2020,5:09,21
918,Selma,Dolohunty,sdolohuntyph@dyndns.org,209-978-7385,19/02/2021,13:05,9
919,Shanie,Roofe,sroofepi@wunderground.com,950-438-1547,06/09/2021,8:32,7
920,Augy,Insall,ainsallpj@loc.gov,730-868-5939,15/10/2020,14:52,9
921,Marta,Bowdon,mbowdonpk@icq.com,932-908-9558,14/10/2020,9:34,3
922,Roshelle,Erangey,rerangeypl@wikimedia.org,156-794-7429,12/04/2021,19:42,24
923,Gill,Butlin,gbutlinpm@vimeo.com,504-693-6473,24/04/2021,21:50,28
924,Nanny,Ducker,nduckerpn@edublogs.org,581-315-6338,19/11/2020,16:29,16
925,Gannie,Sandle,gsandlepo@drupal.org,136-582-1350,15/02/2021,17:29,7
926,Nanny,Scones,nsconespp@noaa.gov,102-348-7265,12/06/2021,5:14,16
927,Bonnibelle,Vant,bvantpq@constantcontact.com,708-537-6809,30/08/2021,21:53,10
928,Everett,Critchell,ecritchellpr@cdc.gov,494-743-9218,13/06/2021,5:42,4
929,Kerstin,Claybourne,kclaybourneps@java.com,319-349-0737,24/02/2021,0:47,9
930,Devi,Zorer,dzorerpt@shop-pro.jp,681-871-5054,23/07/2021,14:58,2
931,Garvin,Beddoes,gbeddoespu@miitbeian.gov.cn,163-772-9541,19/09/2020,19:55,2
932,Gregory,Pollicott,gpollicottpv@wired.com,274-358-8708,28/08/2021,20:17,16
933,Alain,Antoshin,aantoshinpw@bizjournals.com,342-508-6037,18/07/2021,12:49,2
934,Gerrard,Leveridge,gleveridgepx@businessweek.com,875-659-1907,08/03/2021,22:03,9
935,Eward,O'Cuddie,eocuddiepy@deviantart.com,963-135-5249,15/05/2021,17:58,24
936,Monica,Lunbech,mlunbechpz@cargocollective.com,215-428-9651,08/01/2021,8:51,16
937,Freedman,Berriman,fberrimanq0@cnbc.com,858-239-7266,07/12/2020,14:51,9
938,Elmore,Arney,earneyq1@bloomberg.com,505-334-3791,08/12/2020,4:16,29
939,Olly,Neligan,oneliganq2@sbwire.com,975-722-7498,05/02/2021,21:52,12
940,Lenora,McGroarty,lmcgroartyq3@storify.com,243-512-6010,26/01/2021,6:32,12
941,Becca,Jeaneau,bjeaneauq4@t-online.de,180-476-2265,20/10/2020,16:36,30
942,Samuel,Watford,swatfordq5@storify.com,345-259-1885,02/09/2021,23:37,5
943,Theo,Ragg,traggq6@jiathis.com,650-459-7125,06/02/2021,18:53,15
944,Hilario,Milnthorpe,hmilnthorpeq7@deviantart.com,808-563-2523,16/03/2021,5:02,18
945,Drusy,Snawden,dsnawdenq8@nyu.edu,213-798-6647,30/08/2021,4:06,21
946,Gale,Pengelley,gpengelleyq9@cmu.edu,935-750-0541,05/05/2021,0:00,25
947,Jeniece,Cheke,jchekeqa@google.ca,147-606-7785,27/11/2020,0:52,18
948,Lizbeth,Brickhill,lbrickhillqb@blogger.com,459-494-9271,22/06/2021,18:30,30
949,Sanderson,Pessolt,spessoltqc@ox.ac.uk,930-950-5046,04/01/2021,4:41,7
950,Mikel,Garvan,mgarvanqd@mail.ru,273-372-4083,21/04/2021,16:16,20
951,Ancell,Lincoln,alincolnqe@last.fm,816-208-8252,14/06/2021,23:08,28
952,Ludovico,Boshere,lboshereqf@bandcamp.com,902-637-1726,12/02/2021,16:49,21
953,Kath,Quaife,kquaifeqg@ihg.com,634-949-7980,19/07/2021,10:28,29
954,Joelle,Hallett,jhallettqh@linkedin.com,243-675-8286,01/03/2021,11:18,20
955,Marlena,Jakoubec,mjakoubecqi@soundcloud.com,501-818-8776,28/07/2021,22:32,22
956,Wynn,Beisley,wbeisleyqj@icq.com,662-200-9309,30/03/2021,9:31,20
957,Sigmund,Ickowicz,sickowiczqk@forbes.com,826-779-7204,18/04/2021,2:38,21
958,Bordie,Vuitte,bvuitteql@topsy.com,605-522-7113,23/12/2020,7:39,2
959,Yuri,Deny,ydenyqm@sciencedaily.com,606-831-0216,12/11/2020,13:01,25
960,Gabriele,Andreini,gandreiniqn@rediff.com,720-129-9664,19/10/2020,23:51,30
961,Lissa,Jagiello,ljagielloqo@admin.ch,839-721-3484,13/11/2020,11:34,18
962,Ranique,Rizzini,rrizziniqp@arizona.edu,808-976-7996,13/07/2021,23:08,17
963,Heriberto,Lathwood,hlathwoodqq@vinaora.com,194-729-0227,03/09/2021,13:22,8
964,Dorothea,Marusic,dmarusicqr@xinhuanet.com,286-774-5581,13/08/2021,21:14,24
965,Petronia,Drivers,pdriversqs@flickr.com,180-682-6449,04/05/2021,21:51,29
966,Bronson,Clardge,bclardgeqt@ask.com,911-358-4578,19/07/2021,18:51,28
967,Filippa,Feare,ffearequ@biblegateway.com,613-724-8240,23/02/2021,0:41,10
968,Kent,Mosco,kmoscoqv@rambler.ru,378-849-0155,25/07/2021,9:47,18
969,Faye,Maletratt,fmaletrattqw@live.com,188-888-0879,01/07/2021,10:32,21
970,Gerhardt,Nanson,gnansonqx@ucla.edu,971-314-5325,09/06/2021,18:00,23
971,Avigdor,Hatchman,ahatchmanqy@wiley.com,591-924-1590,18/05/2021,15:29,27
972,Ray,Zimmermanns,rzimmermannsqz@hugedomains.com,891-970-6731,29/12/2020,2:22,5
973,Faina,MacCafferky,fmaccafferkyr0@zdnet.com,904-130-3885,26/01/2021,7:11,19
974,Sarina,Frankiss,sfrankissr1@linkedin.com,751-193-5886,12/03/2021,4:34,11
975,Josi,Meldrum,jmeldrumr2@prlog.org,742-904-6061,29/08/2021,23:04,15
976,Town,Smitten,tsmittenr3@usnews.com,173-470-4925,23/11/2020,9:28,25
977,Kayne,Regardsoe,kregardsoer4@elpais.com,951-751-2589,05/04/2021,4:03,28
978,Peyter,Stoney,pstoneyr5@unicef.org,671-614-4963,08/10/2020,14:37,26
979,Mata,Clarabut,mclarabutr6@zimbio.com,605-804-3356,19/07/2021,21:27,5
980,Bel,Raincin,braincinr7@sourceforge.net,806-172-7151,01/10/2020,1:31,23
981,Grange,Hegge,ghegger8@biblegateway.com,388-450-0799,07/07/2021,11:00,24
982,Tandi,Heckney,theckneyr9@squarespace.com,633-239-3232,22/09/2020,18:53,19
983,Dasha,Fincke,dfinckera@merriam-webster.com,526-914-8854,09/05/2021,16:29,2
984,Naomi,Giscken,ngisckenrb@yellowbook.com,703-892-0622,25/04/2021,9:07,19
985,Shayne,Sauniere,ssauniererc@pinterest.com,290-723-2778,03/04/2021,10:56,30
986,Udell,Fabbri,ufabbrird@discuz.net,856-492-5683,11/10/2020,7:53,18
987,Maurits,Scandrite,mscandritere@cdc.gov,954-257-8766,09/02/2021,22:23,30
988,Ashlan,Kerley,akerleyrf@amazon.co.uk,802-502-3290,10/07/2021,9:57,24
989,Leeanne,McBride,lmcbriderg@squarespace.com,844-564-5317,15/08/2021,18:57,3
990,Tamara,Franks,tfranksrh@cpanel.net,590-596-4687,23/04/2021,16:04,30
991,Krystyna,Blose,kbloseri@twitpic.com,829-806-6463,17/05/2021,2:10,25
992,Walther,Haw,whawrj@harvard.edu,371-900-1465,07/10/2020,1:16,12
993,Ericka,Himsworth,ehimsworthrk@imgur.com,356-469-2608,22/06/2021,1:26,23
994,Barbara,Offord,boffordrl@ibm.com,178-269-3501,13/12/2020,8:03,13
995,Quintana,Belward,qbelwardrm@oakley.com,602-835-5053,27/10/2020,23:23,21
996,Kippy,Connachan,kconnachanrn@omniture.com,273-377-7381,10/07/2021,22:56,20
997,Raddy,Backs,rbacksro@marriott.com,184-414-8664,15/05/2021,15:46,6
998,Celestyn,Rachuig,crachuigrp@edublogs.org,515-227-5562,13/11/2020,4:33,11
999,Valentine,Huikerby,vhuikerbyrq@theatlantic.com,748-864-0758,07/11/2020,9:36,9
1000,Antonietta,O'Dwyer,aodwyerrr@ebay.co.uk,404-776-2756,06/03/2021,2:37,21
